k,context,next,probability
2,</s></s>,</s>,1.00000000
2,<s><s>,a,0.07255776
2,<s><s>,b,0.05249291
2,<s><s>,c,0.10194568
2,<s><s>,d,0.05593839
2,<s><s>,e,0.04671666
2,<s><s>,f,0.04306850
2,<s><s>,g,0.02867856
2,<s><s>,h,0.03293474
2,<s><s>,i,0.03891366
2,<s><s>,j,0.01266721
2,<s><s>,k,0.00982975
2,<s><s>,l,0.03759627
2,<s><s>,m,0.05583705
2,<s><s>,n,0.02280097
2,<s><s>,o,0.02269964
2,<s><s>,p,0.07934739
2,<s><s>,q,0.00456019
2,<s><s>,r,0.05877584
2,<s><s>,s,0.10052696
2,<s><s>,t,0.05492501
2,<s><s>,u,0.01256587
2,<s><s>,v,0.01874747
2,<s><s>,w,0.02888123
2,<s><s>,x,0.00081070
2,<s><s>,y,0.00415484
2,<s><s>,z,0.00202675
2,<s>a,a,0.00418994
2,<s>a,b,0.03212291
2,<s>a,c,0.11592179
2,<s>a,d,0.10893855
2,<s>a,e,0.00418994
2,<s>a,f,0.02793296
2,<s>a,g,0.03072626
2,<s>a,h,0.00279330
2,<s>a,i,0.01955307
2,<s>a,j,0.00139665
2,<s>a,k,0.00279330
2,<s>a,l,0.09776536
2,<s>a,m,0.04050279
2,<s>a,n,0.11312849
2,<s>a,o,0.00139665
2,<s>a,p,0.07541899
2,<s>a,q,0.00418994
2,<s>a,r,0.09357542
2,<s>a,s,0.07681564
2,<s>a,t,0.05865922
2,<s>a,u,0.05167598
2,<s>a,v,0.01815642
2,<s>a,w,0.01256983
2,<s>a,x,0.00139665
2,<s>a,y,0.00139665
2,<s>a,z,0.00279330
2,<s>b,a,0.18339768
2,<s>b,b,0.00579151
2,<s>b,c,0.00193050
2,<s>b,d,0.00193050
2,<s>b,e,0.19305019
2,<s>b,g,0.00193050
2,<s>b,h,0.00193050
2,<s>b,i,0.09266409
2,<s>b,k,0.00193050
2,<s>b,l,0.07722008
2,<s>b,m,0.00386100
2,<s>b,o,0.13127413
2,<s>b,p,0.00193050
2,<s>b,r,0.17181467
2,<s>b,s,0.00193050
2,<s>b,t,0.00193050
2,<s>b,u,0.11583012
2,<s>b,w,0.00193050
2,<s>b,y,0.00772201
2,<s>c,a,0.16003976
2,<s>c,b,0.00198807
2,<s>c,c,0.00198807
2,<s>c,d,0.00397614
2,<s>c,e,0.03479125
2,<s>c,f,0.00198807
2,<s>c,g,0.00198807
2,<s>c,h,0.13121272
2,<s>c,i,0.03479125
2,<s>c,j,0.00099404
2,<s>c,l,0.06858847
2,<s>c,m,0.00198807
2,<s>c,n,0.00298211
2,<s>c,o,0.44731610
2,<s>c,p,0.00198807
2,<s>c,r,0.05268390
2,<s>c,s,0.00298211
2,<s>c,t,0.00198807
2,<s>c,u,0.03479125
2,<s>c,v,0.00198807
2,<s>c,w,0.00099404
2,<s>c,y,0.00596421
2,<s>c,z,0.00198807
2,<s>d,a,0.08695652
2,<s>d,b,0.00181159
2,<s>d,c,0.00181159
2,<s>d,d,0.00362319
2,<s>d,e,0.36594203
2,<s>d,f,0.00181159
2,<s>d,g,0.00181159
2,<s>d,h,0.00181159
2,<s>d,i,0.26268116
2,<s>d,j,0.00181159
2,<s>d,k,0.00181159
2,<s>d,l,0.00181159
2,<s>d,m,0.00181159
2,<s>d,n,0.00362319
2,<s>d,o,0.11413043
2,<s>d,p,0.00362319
2,<s>d,r,0.07971014
2,<s>d,s,0.00543478
2,<s>d,t,0.00362319
2,<s>d,u,0.03985507
2,<s>d,v,0.00543478
2,<s>d,x,0.00181159
2,<s>d,y,0.00724638
2,<s>e,a,0.05856833
2,<s>e,b,0.00867679
2,<s>e,c,0.02603037
2,<s>e,d,0.05422993
2,<s>e,e,0.00216920
2,<s>e,f,0.02386117
2,<s>e,g,0.01084599
2,<s>e,h,0.00216920
2,<s>e,i,0.00433839
2,<s>e,l,0.07375271
2,<s>e,m,0.06290672
2,<s>e,n,0.18655098
2,<s>e,o,0.00216920
2,<s>e,p,0.01518438
2,<s>e,q,0.02386117
2,<s>e,r,0.01952278
2,<s>e,s,0.05206074
2,<s>e,t,0.01735358
2,<s>e,u,0.01518438
2,<s>e,v,0.05856833
2,<s>e,x,0.27331887
2,<s>e,y,0.00650759
2,<s>e,z,0.00216920
2,<s>f,a,0.17647059
2,<s>f,b,0.00235294
2,<s>f,c,0.00470588
2,<s>f,d,0.00470588
2,<s>f,e,0.09411765
2,<s>f,f,0.00235294
2,<s>f,g,0.00235294
2,<s>f,i,0.20000000
2,<s>f,l,0.10352941
2,<s>f,m,0.00235294
2,<s>f,o,0.19294118
2,<s>f,p,0.00235294
2,<s>f,r,0.11764706
2,<s>f,s,0.00235294
2,<s>f,t,0.00470588
2,<s>f,u,0.07764706
2,<s>f,w,0.00470588
2,<s>f,x,0.00235294
2,<s>f,y,0.00235294
2,<s>g,a,0.15194346
2,<s>g,b,0.01060071
2,<s>g,c,0.00706714
2,<s>g,d,0.00706714
2,<s>g,e,0.17314488
2,<s>g,g,0.00353357
2,<s>g,h,0.01060071
2,<s>g,i,0.06360424
2,<s>g,l,0.05300353
2,<s>g,m,0.01413428
2,<s>g,n,0.00706714
2,<s>g,o,0.11307420
2,<s>g,p,0.01060071
2,<s>g,r,0.24381625
2,<s>g,s,0.01060071
2,<s>g,t,0.00706714
2,<s>g,u,0.10600707
2,<s>g,y,0.00353357
2,<s>g,z,0.00353357
2,<s>h,a,0.25230769
2,<s>h,b,0.00307692
2,<s>h,c,0.00307692
2,<s>h,d,0.00615385
2,<s>h,e,0.19692308
2,<s>h,h,0.00307692
2,<s>h,i,0.12000000
2,<s>h,k,0.00307692
2,<s>h,l,0.00307692
2,<s>h,o,0.26153846
2,<s>h,p,0.00307692
2,<s>h,q,0.00307692
2,<s>h,r,0.00923077
2,<s>h,s,0.00307692
2,<s>h,t,0.00923077
2,<s>h,u,0.08923077
2,<s>h,w,0.00307692
2,<s>h,y,0.02461538
2,<s>h,z,0.00307692
2,<s>i,a,0.00520833
2,<s>i,b,0.00260417
2,<s>i,c,0.01822917
2,<s>i,d,0.04427083
2,<s>i,e,0.00520833
2,<s>i,f,0.00260417
2,<s>i,g,0.00520833
2,<s>i,i,0.00520833
2,<s>i,l,0.02083333
2,<s>i,m,0.10677083
2,<s>i,n,0.64583333
2,<s>i,o,0.00781250
2,<s>i,p,0.01041667
2,<s>i,r,0.02864583
2,<s>i,s,0.05468750
2,<s>i,t,0.02864583
2,<s>i,v,0.00520833
2,<s>i,x,0.00260417
2,<s>j,a,0.22400000
2,<s>j,c,0.00800000
2,<s>j,d,0.00800000
2,<s>j,e,0.19200000
2,<s>j,i,0.02400000
2,<s>j,j,0.00800000
2,<s>j,m,0.00800000
2,<s>j,o,0.26400000
2,<s>j,p,0.02400000
2,<s>j,r,0.00800000
2,<s>j,s,0.00800000
2,<s>j,u,0.21600000
2,<s>j,v,0.00800000
2,<s>k,a,0.13402062
2,<s>k,b,0.01030928
2,<s>k,d,0.01030928
2,<s>k,e,0.25773196
2,<s>k,g,0.01030928
2,<s>k,i,0.27835052
2,<s>k,l,0.01030928
2,<s>k,m,0.01030928
2,<s>k,n,0.15463918
2,<s>k,o,0.05154639
2,<s>k,r,0.01030928
2,<s>k,s,0.01030928
2,<s>k,u,0.02061856
2,<s>k,w,0.01030928
2,<s>k,y,0.02061856
2,<s>l,a,0.22911051
2,<s>l,b,0.00539084
2,<s>l,c,0.00539084
2,<s>l,d,0.00269542
2,<s>l,e,0.20215633
2,<s>l,f,0.00269542
2,<s>l,g,0.00269542
2,<s>l,i,0.25067385
2,<s>l,l,0.01078167
2,<s>l,m,0.00269542
2,<s>l,n,0.00269542
2,<s>l,o,0.22102426
2,<s>l,p,0.00269542
2,<s>l,s,0.00269542
2,<s>l,t,0.00539084
2,<s>l,u,0.03773585
2,<s>l,y,0.01347709
2,<s>m,a,0.31397459
2,<s>m,b,0.00362976
2,<s>m,c,0.00362976
2,<s>m,d,0.00181488
2,<s>m,e,0.19056261
2,<s>m,f,0.00181488
2,<s>m,g,0.00181488
2,<s>m,h,0.00362976
2,<s>m,i,0.16515426
2,<s>m,j,0.00181488
2,<s>m,l,0.00544465
2,<s>m,m,0.00181488
2,<s>m,n,0.00181488
2,<s>m,o,0.19782214
2,<s>m,p,0.00907441
2,<s>m,r,0.00544465
2,<s>m,s,0.01088929
2,<s>m,t,0.00362976
2,<s>m,u,0.05081670
2,<s>m,v,0.00181488
2,<s>m,w,0.00181488
2,<s>m,x,0.00181488
2,<s>m,y,0.01996370
2,<s>n,a,0.18222222
2,<s>n,b,0.01333333
2,<s>n,c,0.00888889
2,<s>n,d,0.00444444
2,<s>n,e,0.27111111
2,<s>n,f,0.00444444
2,<s>n,g,0.00444444
2,<s>n,h,0.01333333
2,<s>n,i,0.10222222
2,<s>n,j,0.00444444
2,<s>n,l,0.00444444
2,<s>n,m,0.00444444
2,<s>n,n,0.00444444
2,<s>n,o,0.23555556
2,<s>n,p,0.00444444
2,<s>n,r,0.00444444
2,<s>n,s,0.00888889
2,<s>n,t,0.00888889
2,<s>n,u,0.08444444
2,<s>n,v,0.00888889
2,<s>n,w,0.00444444
2,<s>n,y,0.01333333
2,<s>n,z,0.00444444
2,<s>o,a,0.01785714
2,<s>o,b,0.08928571
2,<s>o,c,0.08035714
2,<s>o,d,0.00892857
2,<s>o,e,0.01339286
2,<s>o,f,0.08928571
2,<s>o,g,0.00446429
2,<s>o,h,0.00892857
2,<s>o,i,0.00892857
2,<s>o,k,0.01339286
2,<s>o,l,0.04017857
2,<s>o,m,0.02232143
2,<s>o,n,0.04910714
2,<s>o,o,0.01339286
2,<s>o,p,0.15625000
2,<s>o,r,0.16071429
2,<s>o,s,0.00892857
2,<s>o,t,0.02232143
2,<s>o,u,0.09821429
2,<s>o,v,0.04017857
2,<s>o,w,0.03125000
2,<s>o,x,0.01339286
2,<s>o,z,0.00892857
2,<s>p,a,0.18135377
2,<s>p,b,0.00127714
2,<s>p,c,0.00510856
2,<s>p,d,0.00638570
2,<s>p,e,0.10855683
2,<s>p,f,0.00127714
2,<s>p,g,0.00255428
2,<s>p,h,0.05491699
2,<s>p,i,0.05236271
2,<s>p,j,0.00127714
2,<s>p,k,0.00127714
2,<s>p,l,0.06896552
2,<s>p,m,0.00383142
2,<s>p,n,0.00127714
2,<s>p,o,0.14176245
2,<s>p,p,0.00383142
2,<s>p,r,0.29118774
2,<s>p,s,0.00893997
2,<s>p,t,0.00383142
2,<s>p,u,0.05747126
2,<s>p,v,0.00127714
2,<s>p,y,0.00127714
2,<s>q,a,0.02222222
2,<s>q,c,0.02222222
2,<s>q,l,0.02222222
2,<s>q,t,0.04444444
2,<s>q,u,0.88888889
2,<s>r,a,0.11379310
2,<s>r,b,0.00172414
2,<s>r,c,0.00344828
2,<s>r,d,0.00172414
2,<s>r,e,0.61724138
2,<s>r,f,0.00344828
2,<s>r,g,0.00172414
2,<s>r,h,0.00517241
2,<s>r,i,0.06206897
2,<s>r,j,0.00172414
2,<s>r,l,0.00172414
2,<s>r,m,0.00172414
2,<s>r,n,0.00344828
2,<s>r,o,0.12241379
2,<s>r,p,0.00517241
2,<s>r,r,0.00344828
2,<s>r,s,0.00344828
2,<s>r,t,0.00172414
2,<s>r,u,0.03620690
2,<s>r,v,0.00172414
2,<s>r,w,0.00344828
2,<s>r,x,0.00172414
2,<s>r,y,0.00172414
2,<s>s,a,0.07862903
2,<s>s,b,0.00201613
2,<s>s,c,0.06149194
2,<s>s,d,0.00100806
2,<s>s,e,0.13306452
2,<s>s,f,0.00100806
2,<s>s,g,0.00100806
2,<s>s,h,0.08366935
2,<s>s,i,0.06955645
2,<s>s,k,0.01512097
2,<s>s,l,0.02116935
2,<s>s,m,0.01512097
2,<s>s,n,0.00604839
2,<s>s,o,0.07358871
2,<s>s,p,0.08870968
2,<s>s,q,0.00403226
2,<s>s,r,0.00302419
2,<s>s,s,0.00201613
2,<s>s,t,0.16229839
2,<s>s,u,0.13608871
2,<s>s,v,0.00100806
2,<s>s,w,0.01814516
2,<s>s,y,0.02217742
2,<s>t,a,0.09594096
2,<s>t,b,0.00369004
2,<s>t,c,0.00369004
2,<s>t,d,0.00184502
2,<s>t,e,0.16420664
2,<s>t,f,0.00369004
2,<s>t,g,0.00184502
2,<s>t,h,0.17527675
2,<s>t,i,0.07564576
2,<s>t,m,0.00369004
2,<s>t,n,0.00184502
2,<s>t,o,0.12177122
2,<s>t,p,0.00184502
2,<s>t,r,0.25461255
2,<s>t,s,0.00369004
2,<s>t,t,0.00184502
2,<s>t,u,0.04981550
2,<s>t,v,0.00369004
2,<s>t,w,0.01660517
2,<s>t,x,0.00184502
2,<s>t,y,0.01291513
2,<s>u,c,0.00806452
2,<s>u,g,0.01612903
2,<s>u,h,0.00806452
2,<s>u,i,0.00806452
2,<s>u,k,0.01612903
2,<s>u,l,0.04032258
2,<s>u,m,0.00806452
2,<s>u,n,0.44354839
2,<s>u,p,0.12903226
2,<s>u,r,0.07258065
2,<s>u,s,0.16129032
2,<s>u,t,0.06451613
2,<s>u,v,0.00806452
2,<s>u,w,0.00806452
2,<s>u,z,0.00806452
2,<s>v,a,0.22162162
2,<s>v,b,0.01081081
2,<s>v,c,0.01081081
2,<s>v,e,0.22162162
2,<s>v,g,0.00540541
2,<s>v,h,0.00540541
2,<s>v,i,0.34054054
2,<s>v,o,0.14594595
2,<s>v,p,0.01081081
2,<s>v,s,0.01081081
2,<s>v,t,0.00540541
2,<s>v,u,0.01081081
2,<s>w,a,0.25614035
2,<s>w,b,0.00350877
2,<s>w,c,0.00350877
2,<s>w,e,0.17894737
2,<s>w,h,0.08070175
2,<s>w,i,0.21403509
2,<s>w,m,0.00701754
2,<s>w,n,0.00350877
2,<s>w,o,0.15789474
2,<s>w,p,0.00350877
2,<s>w,r,0.05614035
2,<s>w,s,0.00350877
2,<s>w,t,0.00701754
2,<s>w,u,0.00350877
2,<s>w,v,0.00350877
2,<s>w,w,0.00701754
2,<s>w,x,0.00350877
2,<s>w,y,0.00701754
2,<s>x,a,0.12500000
2,<s>x,b,0.12500000
2,<s>x,e,0.12500000
2,<s>x,h,0.12500000
2,<s>x,i,0.12500000
2,<s>x,l,0.12500000
2,<s>x,m,0.12500000
2,<s>x,p,0.12500000
2,<s>y,a,0.21951220
2,<s>y,e,0.31707317
2,<s>y,i,0.04878049
2,<s>y,n,0.02439024
2,<s>y,o,0.26829268
2,<s>y,r,0.04878049
2,<s>y,u,0.07317073
2,<s>z,a,0.10000000
2,<s>z,d,0.05000000
2,<s>z,e,0.15000000
2,<s>z,i,0.15000000
2,<s>z,o,0.35000000
2,<s>z,s,0.05000000
2,<s>z,u,0.15000000
2,aa,</s>,0.50000000
2,aa,a,0.16666667
2,aa,c,0.16666667
2,aa,r,0.16666667
2,ab,</s>,0.05303030
2,ab,a,0.03030303
2,ab,b,0.00757576
2,ab,c,0.00757576
2,ab,e,0.06818182
2,ab,i,0.18939394
2,ab,l,0.40151515
2,ab,o,0.08333333
2,ab,r,0.03787879
2,ab,s,0.07575758
2,ab,u,0.03030303
2,ab,w,0.00757576
2,ab,y,0.00757576
2,ac,</s>,0.02484472
2,ac,a,0.01863354
2,ac,c,0.12111801
2,ac,d,0.00310559
2,ac,e,0.13043478
2,ac,h,0.12422360
2,ac,i,0.04968944
2,ac,k,0.17080745
2,ac,l,0.00621118
2,ac,m,0.00310559
2,ac,n,0.00310559
2,ac,o,0.01552795
2,ac,q,0.01242236
2,ac,r,0.03105590
2,ac,s,0.00310559
2,ac,t,0.23913043
2,ac,u,0.01552795
2,ac,y,0.02795031
2,ad,</s>,0.16101695
2,ad,a,0.06779661
2,ad,b,0.00423729
2,ad,c,0.00847458
2,ad,d,0.06779661
2,ad,e,0.17372881
2,ad,f,0.00423729
2,ad,g,0.00847458
2,ad,i,0.11016949
2,ad,j,0.02542373
2,ad,l,0.02966102
2,ad,m,0.04237288
2,ad,n,0.00423729
2,ad,o,0.05932203
2,ad,p,0.00423729
2,ad,q,0.00423729
2,ad,r,0.00847458
2,ad,s,0.05084746
2,ad,u,0.03389831
2,ad,v,0.10593220
2,ad,w,0.00847458
2,ad,y,0.01694915
2,ae,</s>,0.37500000
2,ae,l,0.37500000
2,ae,r,0.25000000
2,af,</s>,0.07500000
2,af,a,0.05000000
2,af,e,0.12500000
2,af,f,0.37500000
2,af,g,0.02500000
2,af,o,0.02500000
2,af,r,0.07500000
2,af,t,0.25000000
2,ag,</s>,0.04166667
2,ag,a,0.04166667
2,ag,e,0.54166667
2,ag,g,0.02083333
2,ag,h,0.00694444
2,ag,i,0.07638889
2,ag,l,0.01388889
2,ag,n,0.05555556
2,ag,o,0.03472222
2,ag,r,0.09027778
2,ag,s,0.02777778
2,ag,u,0.04861111
2,ah,</s>,0.42857143
2,ah,a,0.23809524
2,ah,e,0.09523810
2,ah,o,0.19047619
2,ah,r,0.04761905
2,ai,</s>,0.03669725
2,ai,c,0.00458716
2,ai,d,0.05045872
2,ai,g,0.01834862
2,ai,i,0.00917431
2,ai,j,0.00458716
2,ai,l,0.19724771
2,ai,m,0.03669725
2,ai,n,0.42660550
2,ai,r,0.13302752
2,ai,s,0.04128440
2,ai,t,0.03211009
2,ai,v,0.00458716
2,ai,w,0.00458716
2,aj,</s>,0.33333333
2,aj,o,0.66666667
2,ak,</s>,0.13559322
2,ak,a,0.01694915
2,ak,d,0.01694915
2,ak,e,0.57627119
2,ak,f,0.01694915
2,ak,h,0.01694915
2,ak,i,0.13559322
2,ak,l,0.01694915
2,ak,o,0.01694915
2,ak,s,0.05084746
2,al,</s>,0.39318885
2,al,a,0.02476780
2,al,b,0.01083591
2,al,c,0.01238390
2,al,d,0.01238390
2,al,e,0.06346749
2,al,f,0.00464396
2,al,g,0.00773994
2,al,i,0.09133127
2,al,k,0.01393189
2,al,l,0.17337461
2,al,m,0.00928793
2,al,n,0.00154799
2,al,o,0.02012384
2,al,p,0.00773994
2,al,r,0.00154799
2,al,s,0.06191950
2,al,t,0.04643963
2,al,u,0.02012384
2,al,v,0.00773994
2,al,w,0.00154799
2,al,y,0.01393189
2,am,</s>,0.17061611
2,am,a,0.07582938
2,am,b,0.07582938
2,am,c,0.00947867
2,am,d,0.00473934
2,am,e,0.25592417
2,am,i,0.12796209
2,am,m,0.03791469
2,am,o,0.03791469
2,am,p,0.13744076
2,am,s,0.05687204
2,am,u,0.00473934
2,am,y,0.00473934
2,an,</s>,0.17337032
2,an,a,0.05131761
2,an,b,0.00277393
2,an,c,0.11789182
2,an,d,0.14979196
2,an,e,0.03328710
2,an,f,0.00138696
2,an,g,0.06102635
2,an,h,0.00138696
2,an,i,0.06380028
2,an,k,0.03051318
2,an,l,0.00138696
2,an,m,0.00138696
2,an,n,0.05131761
2,an,o,0.01109570
2,an,s,0.08183079
2,an,t,0.12482663
2,an,u,0.01386963
2,an,v,0.00138696
2,an,w,0.00138696
2,an,x,0.00138696
2,an,y,0.02219140
2,an,z,0.00138696
2,ao,</s>,0.28571429
2,ao,k,0.14285714
2,ao,l,0.14285714
2,ao,r,0.14285714
2,ao,s,0.28571429
2,ap,</s>,0.10119048
2,ap,a,0.05952381
2,ap,e,0.13690476
2,ap,h,0.12500000
2,ap,i,0.04166667
2,ap,l,0.01190476
2,ap,n,0.00595238
2,ap,o,0.03571429
2,ap,p,0.32738095
2,ap,r,0.01190476
2,ap,s,0.04166667
2,ap,t,0.08928571
2,ap,u,0.00595238
2,ap,y,0.00595238
2,aq,</s>,0.50000000
2,aq,i,0.10000000
2,aq,s,0.10000000
2,aq,u,0.30000000
2,ar,</s>,0.09411765
2,ar,a,0.06176471
2,ar,b,0.01911765
2,ar,c,0.04411765
2,ar,d,0.09264706
2,ar,e,0.09852941
2,ar,g,0.04117647
2,ar,i,0.09852941
2,ar,k,0.04558824
2,ar,l,0.03529412
2,ar,m,0.04264706
2,ar,n,0.02500000
2,ar,o,0.01029412
2,ar,p,0.00441176
2,ar,r,0.06176471
2,ar,s,0.03235294
2,ar,t,0.10882353
2,ar,u,0.00441176
2,ar,v,0.00588235
2,ar,w,0.00147059
2,ar,y,0.07205882
2,as,</s>,0.14098361
2,as,a,0.00983607
2,as,b,0.00327869
2,as,c,0.01967213
2,as,d,0.00327869
2,as,e,0.12459016
2,as,g,0.00327869
2,as,h,0.05573770
2,as,i,0.08196721
2,as,k,0.04262295
2,as,m,0.00327869
2,as,n,0.00327869
2,as,o,0.04262295
2,as,p,0.00983607
2,as,s,0.22622951
2,as,t,0.17704918
2,as,u,0.04262295
2,as,y,0.00983607
2,at,</s>,0.05791506
2,at,a,0.01544402
2,at,c,0.02059202
2,at,e,0.24581725
2,at,f,0.00257400
2,at,h,0.04761905
2,at,i,0.42342342
2,at,l,0.00643501
2,at,m,0.00772201
2,at,o,0.04633205
2,at,r,0.01029601
2,at,s,0.01930502
2,at,t,0.05920206
2,at,u,0.03474903
2,at,v,0.00128700
2,at,y,0.00128700
2,au,</s>,0.03614458
2,au,b,0.01204819
2,au,c,0.04819277
2,au,d,0.10843373
2,au,g,0.12048193
2,au,i,0.01204819
2,au,k,0.01204819
2,au,l,0.07228916
2,au,m,0.01204819
2,au,n,0.04819277
2,au,r,0.08433735
2,au,s,0.15662651
2,au,t,0.27710843
2,av,</s>,0.03797468
2,av,a,0.11392405
2,av,e,0.41772152
2,av,g,0.01265823
2,av,i,0.25316456
2,av,o,0.13924051
2,av,y,0.02531646
2,aw,</s>,0.20000000
2,aw,a,0.31428571
2,aw,e,0.02857143
2,aw,f,0.05714286
2,aw,i,0.11428571
2,aw,k,0.02857143
2,aw,n,0.08571429
2,aw,r,0.02857143
2,aw,s,0.08571429
2,aw,y,0.05714286
2,ax,</s>,0.47058824
2,ax,a,0.11764706
2,ax,e,0.05882353
2,ax,i,0.29411765
2,ax,y,0.05882353
2,ay,</s>,0.50000000
2,ay,a,0.01000000
2,ay,b,0.02000000
2,ay,d,0.01000000
2,ay,e,0.13000000
2,ay,i,0.05000000
2,ay,l,0.02000000
2,ay,m,0.04000000
2,ay,n,0.01000000
2,ay,o,0.02000000
2,ay,p,0.01000000
2,ay,r,0.01000000
2,ay,s,0.16000000
2,ay,t,0.01000000
2,az,</s>,0.05263158
2,az,a,0.26315789
2,az,d,0.05263158
2,az,e,0.10526316
2,az,i,0.31578947
2,az,o,0.05263158
2,az,y,0.10526316
2,az,z,0.05263158
2,ba,</s>,0.07096774
2,ba,b,0.04516129
2,ba,c,0.10967742
2,ba,d,0.02580645
2,ba,g,0.03870968
2,ba,h,0.01290323
2,ba,i,0.02580645
2,ba,k,0.01290323
2,ba,l,0.12258065
2,ba,m,0.00645161
2,ba,n,0.15483871
2,ba,p,0.00645161
2,ba,r,0.12258065
2,ba,s,0.12903226
2,ba,t,0.10322581
2,ba,y,0.01290323
2,bb,</s>,0.13333333
2,bb,c,0.06666667
2,bb,e,0.13333333
2,bb,i,0.20000000
2,bb,l,0.06666667
2,bb,o,0.06666667
2,bb,s,0.06666667
2,bb,y,0.26666667
2,bc,</s>,0.50000000
2,bc,a,0.37500000
2,bc,o,0.12500000
2,bd,</s>,0.33333333
2,bd,a,0.33333333
2,bd,i,0.33333333
2,be,</s>,0.07692308
2,be,a,0.11242604
2,be,c,0.04142012
2,be,d,0.05917160
2,be,e,0.02366864
2,be,f,0.00591716
2,be,g,0.04142012
2,be,h,0.02958580
2,be,i,0.01775148
2,be,k,0.00591716
2,be,l,0.13609467
2,be,n,0.07692308
2,be,r,0.22485207
2,be,s,0.06508876
2,be,t,0.05917160
2,be,v,0.01775148
2,be,y,0.00591716
2,bg,</s>,1.00000000
2,bh,</s>,0.50000000
2,bh,u,0.50000000
2,bi,</s>,0.01562500
2,bi,a,0.07812500
2,bi,b,0.03125000
2,bi,c,0.02343750
2,bi,d,0.03906250
2,bi,e,0.05468750
2,bi,g,0.02343750
2,bi,k,0.02343750
2,bi,l,0.28125000
2,bi,n,0.14843750
2,bi,o,0.07031250
2,bi,q,0.00781250
2,bi,r,0.03906250
2,bi,s,0.02343750
2,bi,t,0.11718750
2,bi,z,0.02343750
2,bj,</s>,0.11111111
2,bj,c,0.11111111
2,bj,e,0.77777778
2,bk,</s>,1.00000000
2,bl,</s>,0.01369863
2,bl,a,0.08904110
2,bl,e,0.52054795
2,bl,i,0.19863014
2,bl,o,0.12328767
2,bl,u,0.02054795
2,bl,v,0.00684932
2,bl,y,0.02739726
2,bm,</s>,0.18181818
2,bm,a,0.18181818
2,bm,e,0.09090909
2,bm,i,0.45454545
2,bm,w,0.09090909
2,bn,</s>,0.33333333
2,bn,a,0.66666667
2,bo,</s>,0.03174603
2,bo,a,0.07142857
2,bo,b,0.01587302
2,bo,c,0.00793651
2,bo,d,0.07142857
2,bo,l,0.04761905
2,bo,m,0.00793651
2,bo,n,0.07142857
2,bo,o,0.19047619
2,bo,r,0.15873016
2,bo,s,0.02380952
2,bo,t,0.06349206
2,bo,u,0.11111111
2,bo,v,0.00793651
2,bo,w,0.03174603
2,bo,x,0.06349206
2,bo,y,0.02380952
2,bp,</s>,0.66666667
2,bp,a,0.33333333
2,br,</s>,0.00892857
2,br,a,0.27678571
2,br,e,0.13392857
2,br,i,0.26785714
2,br,o,0.22321429
2,br,u,0.07142857
2,br,y,0.01785714
2,bs,</s>,0.29166667
2,bs,c,0.12500000
2,bs,d,0.02083333
2,bs,e,0.20833333
2,bs,h,0.02083333
2,bs,i,0.08333333
2,bs,o,0.08333333
2,bs,t,0.16666667
2,bt,</s>,0.42857143
2,bt,a,0.42857143
2,bt,l,0.14285714
2,bu,</s>,0.01030928
2,bu,b,0.01030928
2,bu,c,0.02061856
2,bu,d,0.04123711
2,bu,f,0.04123711
2,bu,g,0.03092784
2,bu,i,0.07216495
2,bu,l,0.10309278
2,bu,m,0.03092784
2,bu,n,0.05154639
2,bu,q,0.01030928
2,bu,r,0.17525773
2,bu,s,0.09278351
2,bu,t,0.24742268
2,bu,y,0.05154639
2,bu,z,0.01030928
2,bv,i,1.00000000
2,bw,</s>,0.50000000
2,bw,e,0.50000000
2,by,</s>,0.80000000
2,by,e,0.06666667
2,by,t,0.13333333
2,bz,i,1.00000000
2,ca,</s>,0.03878116
2,ca,a,0.00277008
2,ca,b,0.02216066
2,ca,c,0.00831025
2,ca,d,0.02216066
2,ca,f,0.00277008
2,ca,g,0.00554017
2,ca,i,0.00277008
2,ca,k,0.00554017
2,ca,l,0.21606648
2,ca,m,0.06371191
2,ca,n,0.11080332
2,ca,p,0.04432133
2,ca,r,0.14127424
2,ca,s,0.08587258
2,ca,t,0.19944598
2,ca,u,0.02216066
2,ca,v,0.00277008
2,ca,y,0.00277008
2,cb,</s>,0.50000000
2,cb,s,0.50000000
2,cc,</s>,0.06349206
2,cc,a,0.07936508
2,cc,d,0.01587302
2,cc,e,0.30158730
2,cc,i,0.04761905
2,cc,o,0.25396825
2,cc,r,0.03174603
2,cc,u,0.20634921
2,cd,</s>,0.44444444
2,cd,b,0.11111111
2,cd,n,0.11111111
2,cd,o,0.11111111
2,cd,s,0.11111111
2,cd,t,0.11111111
2,ce,</s>,0.40155440
2,ce,a,0.00259067
2,ce,d,0.06476684
2,ce,e,0.01554404
2,ce,f,0.00259067
2,ce,i,0.02331606
2,ce,l,0.05958549
2,ce,m,0.02849741
2,ce,n,0.10103627
2,ce,o,0.00259067
2,ce,p,0.04404145
2,ce,r,0.06476684
2,ce,s,0.17616580
2,ce,t,0.00777202
2,ce,u,0.00518135
2,cf,</s>,0.50000000
2,cf,r,0.50000000
2,cg,</s>,0.50000000
2,cg,i,0.50000000
2,ch,</s>,0.16025641
2,ch,a,0.25641026
2,ch,e,0.24679487
2,ch,i,0.13461538
2,ch,l,0.00320513
2,ch,m,0.01282051
2,ch,n,0.03205128
2,ch,o,0.07051282
2,ch,r,0.04807692
2,ch,t,0.00641026
2,ch,u,0.02564103
2,ch,y,0.00320513
2,ci,</s>,0.01562500
2,ci,a,0.23437500
2,ci,d,0.05208333
2,ci,e,0.10416667
2,ci,f,0.04687500
2,ci,g,0.01041667
2,ci,i,0.00520833
2,ci,l,0.03125000
2,ci,m,0.00520833
2,ci,n,0.12500000
2,ci,o,0.03125000
2,ci,p,0.10416667
2,ci,r,0.04687500
2,ci,s,0.05729167
2,ci,t,0.10416667
2,ci,u,0.00520833
2,ci,v,0.02083333
2,cj,</s>,1.00000000
2,ck,</s>,0.35616438
2,ck,a,0.02739726
2,ck,b,0.02054795
2,ck,e,0.19863014
2,ck,g,0.01369863
2,ck,h,0.00684932
2,ck,i,0.08219178
2,ck,j,0.00684932
2,ck,l,0.03424658
2,ck,n,0.02739726
2,ck,o,0.00684932
2,ck,r,0.00684932
2,ck,s,0.15753425
2,ck,t,0.00684932
2,ck,u,0.01369863
2,ck,y,0.03424658
2,cl,</s>,0.01600000
2,cl,a,0.20000000
2,cl,c,0.00800000
2,cl,e,0.27200000
2,cl,i,0.16000000
2,cl,o,0.17600000
2,cl,u,0.16000000
2,cl,y,0.00800000
2,cm,</s>,0.66666667
2,cm,s,0.33333333
2,cn,</s>,0.20000000
2,cn,e,0.40000000
2,cn,i,0.20000000
2,cn,n,0.20000000
2,co,</s>,0.01913043
2,co,a,0.01739130
2,co,b,0.00173913
2,co,c,0.00173913
2,co,d,0.01043478
2,co,f,0.00173913
2,co,g,0.00869565
2,co,h,0.00347826
2,co,i,0.00347826
2,co,l,0.08521739
2,co,m,0.24000000
2,co,n,0.33565217
2,co,o,0.03130435
2,co,p,0.02260870
2,co,r,0.08521739
2,co,s,0.01739130
2,co,t,0.01217391
2,co,u,0.07478261
2,co,v,0.02260870
2,co,w,0.00521739
2,cp,</s>,0.66666667
2,cp,u,0.33333333
2,cq,</s>,0.20000000
2,cq,u,0.80000000
2,cr,</s>,0.01550388
2,cr,a,0.13178295
2,cr,e,0.37209302
2,cr,i,0.25581395
2,cr,m,0.00775194
2,cr,o,0.13178295
2,cr,u,0.05426357
2,cr,y,0.03100775
2,cs,</s>,0.87804878
2,cs,i,0.02439024
2,cs,o,0.02439024
2,cs,s,0.04878049
2,cs,t,0.02439024
2,ct,</s>,0.16776316
2,ct,a,0.00986842
2,ct,e,0.10197368
2,ct,i,0.41118421
2,ct,l,0.01644737
2,ct,o,0.11842105
2,ct,r,0.03618421
2,ct,s,0.06907895
2,ct,u,0.06907895
2,cu,</s>,0.00877193
2,cu,a,0.00877193
2,cu,b,0.04385965
2,cu,e,0.00877193
2,cu,i,0.02631579
2,cu,l,0.22807018
2,cu,m,0.06140351
2,cu,p,0.05263158
2,cu,r,0.23684211
2,cu,s,0.20175439
2,cu,t,0.11403509
2,cu,u,0.00877193
2,cv,</s>,0.50000000
2,cv,s,0.50000000
2,cw,</s>,1.00000000
2,cy,</s>,0.68571429
2,cy,b,0.02857143
2,cy,c,0.22857143
2,cy,l,0.02857143
2,cy,p,0.02857143
2,cz,</s>,0.50000000
2,cz,e,0.50000000
2,da,</s>,0.13013699
2,da,b,0.01369863
2,da,d,0.02739726
2,da,g,0.00684932
2,da,h,0.00684932
2,da,i,0.02739726
2,da,k,0.01369863
2,da,l,0.04109589
2,da,m,0.07534247
2,da,n,0.12328767
2,da,p,0.04794521
2,da,q,0.00684932
2,da,r,0.10273973
2,da,s,0.02739726
2,da,t,0.18493151
2,da,u,0.01369863
2,da,v,0.02739726
2,da,w,0.00684932
2,da,y,0.11643836
2,db,</s>,0.16666667
2,db,a,0.50000000
2,db,e,0.16666667
2,db,o,0.16666667
2,dc,</s>,0.14285714
2,dc,a,0.71428571
2,dc,o,0.14285714
2,dd,</s>,0.11111111
2,dd,a,0.02777778
2,dd,e,0.22222222
2,dd,i,0.30555556
2,dd,l,0.05555556
2,dd,r,0.13888889
2,dd,s,0.05555556
2,dd,y,0.08333333
2,de,</s>,0.11088296
2,de,a,0.03696099
2,de,b,0.01232033
2,de,c,0.04312115
2,de,d,0.06570842
2,de,e,0.01848049
2,de,f,0.03901437
2,de,g,0.00410678
2,de,l,0.05544148
2,de,m,0.04517454
2,de,n,0.12936345
2,de,o,0.00410678
2,de,p,0.04106776
2,de,q,0.00205339
2,de,r,0.19917864
2,de,s,0.11498973
2,de,t,0.02874743
2,de,u,0.00616016
2,de,v,0.03696099
2,de,x,0.00616016
2,df,</s>,0.50000000
2,df,o,0.50000000
2,dg,</s>,0.03846154
2,dg,a,0.03846154
2,dg,e,0.84615385
2,dg,i,0.03846154
2,dg,m,0.03846154
2,dh,</s>,0.20000000
2,dh,e,0.60000000
2,dh,o,0.20000000
2,di,</s>,0.01400560
2,di,a,0.10644258
2,di,b,0.00280112
2,di,c,0.08963585
2,di,d,0.01120448
2,di,e,0.05602241
2,di,f,0.04761905
2,di,g,0.01400560
2,di,l,0.00560224
2,di,m,0.01120448
2,di,n,0.20448179
2,di,o,0.01680672
2,di,p,0.00840336
2,di,r,0.03921569
2,di,s,0.20728291
2,di,t,0.09523810
2,di,u,0.01120448
2,di,v,0.05322129
2,di,x,0.00280112
2,di,y,0.00280112
2,dj,</s>,0.14285714
2,dj,a,0.14285714
2,dj,u,0.71428571
2,dk,</s>,1.00000000
2,dl,</s>,0.03225806
2,dl,a,0.09677419
2,dl,e,0.48387097
2,dl,i,0.19354839
2,dl,y,0.19354839
2,dm,</s>,0.06666667
2,dm,a,0.06666667
2,dm,e,0.13333333
2,dm,i,0.66666667
2,dm,o,0.06666667
2,dn,a,0.22222222
2,dn,e,0.55555556
2,dn,i,0.11111111
2,dn,s,0.11111111
2,do,</s>,0.05405405
2,do,b,0.00900901
2,do,c,0.09909910
2,do,d,0.01801802
2,do,e,0.01801802
2,do,g,0.01801802
2,do,i,0.00900901
2,do,l,0.07207207
2,do,m,0.09909910
2,do,n,0.18918919
2,do,o,0.05405405
2,do,p,0.02702703
2,do,r,0.07207207
2,do,s,0.04504505
2,do,t,0.00900901
2,do,u,0.05405405
2,do,v,0.01801802
2,do,w,0.11711712
2,do,z,0.01801802
2,dp,</s>,0.40000000
2,dp,h,0.20000000
2,dp,i,0.20000000
2,dp,r,0.20000000
2,dq,u,1.00000000
2,dr,</s>,0.02816901
2,dr,a,0.25352113
2,dr,e,0.26760563
2,dr,i,0.21126761
2,dr,o,0.12676056
2,dr,u,0.07042254
2,dr,y,0.04225352
2,ds,</s>,0.89565217
2,ds,a,0.00869565
2,ds,c,0.02608696
2,ds,e,0.00869565
2,ds,h,0.00869565
2,ds,l,0.01739130
2,ds,o,0.03478261
2,dt,</s>,0.44444444
2,dt,h,0.22222222
2,dt,r,0.11111111
2,dt,s,0.11111111
2,dt,v,0.11111111
2,du,</s>,0.02352941
2,du,a,0.11764706
2,du,b,0.02352941
2,du,c,0.45882353
2,du,d,0.01176471
2,du,e,0.01176471
2,du,i,0.01176471
2,du,k,0.01176471
2,du,l,0.10588235
2,du,m,0.02352941
2,du,n,0.01176471
2,du,o,0.01176471
2,du,p,0.01176471
2,du,r,0.08235294
2,du,s,0.04705882
2,du,t,0.03529412
2,dv,</s>,0.03571429
2,dv,a,0.21428571
2,dv,d,0.07142857
2,dv,e,0.35714286
2,dv,i,0.25000000
2,dv,o,0.07142857
2,dw,a,0.54545455
2,dw,e,0.09090909
2,dw,i,0.27272727
2,dw,o,0.09090909
2,dx,</s>,1.00000000
2,dy,</s>,0.84848485
2,dy,i,0.06060606
2,dy,l,0.03030303
2,dy,n,0.06060606
2,ea,</s>,0.02680965
2,ea,c,0.04825737
2,ea,d,0.11260054
2,ea,f,0.01072386
2,ea,g,0.01608579
2,ea,h,0.00268097
2,ea,k,0.03217158
2,ea,l,0.09919571
2,ea,m,0.02949062
2,ea,n,0.06702413
2,ea,p,0.01608579
2,ea,r,0.17962466
2,ea,s,0.15281501
2,ea,t,0.17426273
2,ea,u,0.01340483
2,ea,v,0.01876676
2,eb,</s>,0.06250000
2,eb,a,0.12500000
2,eb,c,0.06250000
2,eb,e,0.06250000
2,eb,i,0.02083333
2,eb,l,0.04166667
2,eb,m,0.04166667
2,eb,o,0.16666667
2,eb,p,0.02083333
2,eb,r,0.16666667
2,eb,s,0.12500000
2,eb,t,0.02083333
2,eb,u,0.04166667
2,eb,y,0.04166667
2,ec,</s>,0.02795031
2,ec,a,0.02484472
2,ec,c,0.00310559
2,ec,d,0.00310559
2,ec,e,0.07142857
2,ec,h,0.06832298
2,ec,i,0.11490683
2,ec,k,0.02795031
2,ec,l,0.01863354
2,ec,o,0.12111801
2,ec,r,0.03105590
2,ec,s,0.00310559
2,ec,t,0.43478261
2,ec,u,0.04658385
2,ec,y,0.00310559
2,ed,</s>,0.82189781
2,ed,a,0.00291971
2,ed,b,0.00145985
2,ed,d,0.00875912
2,ed,e,0.01167883
2,ed,f,0.00145985
2,ed,g,0.01167883
2,ed,h,0.00145985
2,ed,i,0.07591241
2,ed,l,0.00291971
2,ed,m,0.00145985
2,ed,n,0.00145985
2,ed,o,0.00291971
2,ed,r,0.00437956
2,ed,s,0.01605839
2,ed,t,0.00145985
2,ed,u,0.02335766
2,ed,w,0.00291971
2,ed,y,0.00583942
2,ee,</s>,0.14285714
2,ee,b,0.00571429
2,ee,c,0.02285714
2,ee,d,0.16571429
2,ee,e,0.00571429
2,ee,f,0.01142857
2,ee,i,0.01142857
2,ee,k,0.07428571
2,ee,l,0.06285714
2,ee,m,0.04000000
2,ee,n,0.14285714
2,ee,p,0.06285714
2,ee,r,0.08571429
2,ee,s,0.06285714
2,ee,t,0.08571429
2,ee,v,0.00571429
2,ee,w,0.00571429
2,ee,z,0.00571429
2,ef,</s>,0.11702128
2,ef,a,0.01063830
2,ef,e,0.23404255
2,ef,f,0.14893617
2,ef,i,0.19148936
2,ef,l,0.06382979
2,ef,o,0.05319149
2,ef,r,0.02127660
2,ef,s,0.02127660
2,ef,t,0.02127660
2,ef,u,0.11702128
2,eg,</s>,0.06382979
2,eg,a,0.20212766
2,eg,e,0.13829787
2,eg,g,0.03191489
2,eg,i,0.22340426
2,eg,m,0.02127660
2,eg,n,0.02127660
2,eg,o,0.07446809
2,eg,r,0.09574468
2,eg,s,0.02127660
2,eg,u,0.07446809
2,eg,y,0.03191489
2,eh,</s>,0.05555556
2,eh,a,0.33333333
2,eh,e,0.05555556
2,eh,i,0.16666667
2,eh,o,0.33333333
2,eh,u,0.05555556
2,ei,</s>,0.02272727
2,ei,c,0.02272727
2,ei,d,0.02272727
2,ei,g,0.29545455
2,ei,j,0.02272727
2,ei,l,0.06818182
2,ei,m,0.02272727
2,ei,n,0.20454545
2,ei,p,0.02272727
2,ei,r,0.04545455
2,ei,s,0.02272727
2,ei,t,0.06818182
2,ei,v,0.15909091
2,ej,e,1.00000000
2,ek,</s>,0.43750000
2,ek,e,0.25000000
2,ek,i,0.12500000
2,ek,l,0.06250000
2,ek,s,0.12500000
2,el,</s>,0.14441417
2,el,a,0.08446866
2,el,b,0.00272480
2,el,c,0.00272480
2,el,d,0.04087193
2,el,e,0.15803815
2,el,f,0.02452316
2,el,g,0.00272480
2,el,h,0.00272480
2,el,i,0.10899183
2,el,k,0.00544959
2,el,l,0.14986376
2,el,m,0.00272480
2,el,o,0.05177112
2,el,p,0.01634877
2,el,r,0.00272480
2,el,s,0.05994550
2,el,t,0.01907357
2,el,u,0.00272480
2,el,v,0.01362398
2,el,y,0.10354223
2,em,</s>,0.09417040
2,em,a,0.12107623
2,em,b,0.07174888
2,em,e,0.31390135
2,em,i,0.09865471
2,em,m,0.00448430
2,em,o,0.11659193
2,em,p,0.13452915
2,em,s,0.03139013
2,em,y,0.01345291
2,en,</s>,0.10926366
2,en,a,0.02375297
2,en,b,0.00118765
2,en,c,0.09382423
2,en,d,0.10095012
2,en,e,0.05344418
2,en,f,0.00118765
2,en,g,0.03087886
2,en,h,0.00712589
2,en,i,0.02850356
2,en,j,0.00475059
2,en,l,0.00356295
2,en,m,0.00118765
2,en,n,0.01900238
2,en,o,0.00950119
2,en,q,0.00237530
2,en,r,0.00593824
2,en,s,0.07719715
2,en,t,0.40617577
2,en,u,0.00950119
2,en,v,0.00593824
2,en,y,0.00237530
2,en,z,0.00237530
2,eo,</s>,0.21052632
2,eo,f,0.05263158
2,eo,g,0.07894737
2,eo,l,0.07894737
2,eo,m,0.02631579
2,eo,n,0.18421053
2,eo,p,0.05263158
2,eo,r,0.15789474
2,eo,s,0.05263158
2,eo,u,0.07894737
2,eo,v,0.02631579
2,ep,</s>,0.08000000
2,ep,a,0.15200000
2,ep,e,0.08800000
2,ep,h,0.05600000
2,ep,i,0.04800000
2,ep,l,0.09600000
2,ep,o,0.08000000
2,ep,p,0.00800000
2,ep,r,0.13600000
2,ep,s,0.03200000
2,ep,t,0.17600000
2,ep,u,0.04800000
2,eq,</s>,0.05555556
2,eq,u,0.94444444
2,er,</s>,0.33543165
2,er,a,0.06294964
2,er,b,0.00989209
2,er,c,0.01708633
2,er,d,0.00539568
2,er,e,0.05935252
2,er,f,0.01438849
2,er,g,0.00899281
2,er,h,0.00179856
2,er,i,0.07374101
2,er,k,0.00179856
2,er,l,0.00989209
2,er,m,0.02517986
2,er,n,0.03327338
2,er,o,0.01169065
2,er,p,0.00809353
2,er,q,0.00089928
2,er,r,0.02967626
2,er,s,0.18705036
2,er,t,0.04316547
2,er,u,0.00269784
2,er,v,0.03237410
2,er,w,0.00269784
2,er,y,0.02158273
2,er,z,0.00089928
2,es,</s>,0.57234727
2,es,a,0.00321543
2,es,b,0.00214362
2,es,c,0.01714898
2,es,d,0.00214362
2,es,e,0.04072883
2,es,h,0.00857449
2,es,i,0.03108253
2,es,k,0.00321543
2,es,l,0.00214362
2,es,m,0.00107181
2,es,o,0.01071811
2,es,p,0.02679528
2,es,s,0.12540193
2,es,t,0.14469453
2,es,u,0.00750268
2,es,y,0.00107181
2,et,</s>,0.25724638
2,et,a,0.09782609
2,et,b,0.00362319
2,et,c,0.00724638
2,et,e,0.14492754
2,et,h,0.05797101
2,et,i,0.12681159
2,et,n,0.00724638
2,et,o,0.01086957
2,et,p,0.00362319
2,et,r,0.05072464
2,et,s,0.09057971
2,et,t,0.09057971
2,et,u,0.02173913
2,et,w,0.01449275
2,et,y,0.01449275
2,eu,</s>,0.07407407
2,eu,e,0.03703704
2,eu,g,0.03703704
2,eu,m,0.11111111
2,eu,n,0.03703704
2,eu,p,0.03703704
2,eu,r,0.37037037
2,eu,t,0.29629630
2,ev,</s>,0.03333333
2,ev,a,0.14166667
2,ev,e,0.55000000
2,ev,i,0.20833333
2,ev,o,0.04166667
2,ev,r,0.00833333
2,ev,y,0.01666667
2,ew,</s>,0.21917808
2,ew,a,0.16438356
2,ew,b,0.01369863
2,ew,c,0.01369863
2,ew,e,0.15068493
2,ew,f,0.01369863
2,ew,h,0.04109589
2,ew,i,0.12328767
2,ew,l,0.02739726
2,ew,m,0.01369863
2,ew,o,0.02739726
2,ew,p,0.02739726
2,ew,s,0.15068493
2,ew,t,0.01369863
2,ex,</s>,0.07142857
2,ex,a,0.08928571
2,ex,c,0.13690476
2,ex,e,0.07142857
2,ex,h,0.02976190
2,ex,i,0.07142857
2,ex,m,0.00595238
2,ex,o,0.00595238
2,ex,p,0.30952381
2,ex,t,0.16666667
2,ex,u,0.04166667
2,ey,</s>,0.68888889
2,ey,b,0.06666667
2,ey,e,0.08888889
2,ey,n,0.02222222
2,ey,o,0.02222222
2,ey,s,0.06666667
2,ey,w,0.04444444
2,ez,</s>,0.50000000
2,ez,e,0.25000000
2,ez,u,0.25000000
2,fa,</s>,0.01980198
2,fa,b,0.02970297
2,fa,c,0.24752475
2,fa,i,0.12871287
2,fa,k,0.00990099
2,fa,l,0.05940594
2,fa,m,0.04950495
2,fa,n,0.07920792
2,fa,q,0.01980198
2,fa,r,0.10891089
2,fa,s,0.06930693
2,fa,t,0.05940594
2,fa,u,0.01980198
2,fa,v,0.06930693
2,fa,x,0.01980198
2,fa,y,0.00990099
2,fb,i,1.00000000
2,fc,</s>,0.66666667
2,fc,c,0.33333333
2,fd,</s>,0.50000000
2,fd,a,0.50000000
2,fe,</s>,0.06611570
2,fe,a,0.06611570
2,fe,b,0.01652893
2,fe,c,0.13223140
2,fe,d,0.03305785
2,fe,e,0.09917355
2,fe,l,0.04132231
2,fe,m,0.01652893
2,fe,n,0.06611570
2,fe,o,0.00826446
2,fe,r,0.34710744
2,fe,s,0.05785124
2,fe,t,0.02479339
2,fe,v,0.00826446
2,fe,w,0.01652893
2,ff,</s>,0.14473684
2,ff,a,0.05263158
2,ff,e,0.38157895
2,ff,i,0.30263158
2,ff,l,0.01315789
2,ff,o,0.05263158
2,ff,r,0.01315789
2,ff,s,0.03947368
2,fg,</s>,0.50000000
2,fg,h,0.50000000
2,fi,</s>,0.01047120
2,fi,b,0.01047120
2,fi,c,0.23036649
2,fi,d,0.02094241
2,fi,e,0.11518325
2,fi,f,0.01570681
2,fi,g,0.07329843
2,fi,j,0.00523560
2,fi,l,0.10471204
2,fi,n,0.21989529
2,fi,o,0.00523560
2,fi,r,0.07329843
2,fi,s,0.03141361
2,fi,t,0.05235602
2,fi,v,0.00523560
2,fi,x,0.02617801
2,fl,</s>,0.03333333
2,fl,a,0.15000000
2,fl,e,0.18333333
2,fl,i,0.11666667
2,fl,o,0.31666667
2,fl,u,0.11666667
2,fl,y,0.08333333
2,fm,</s>,1.00000000
2,fo,</s>,0.01587302
2,fo,a,0.00793651
2,fo,c,0.03968254
2,fo,g,0.00793651
2,fo,l,0.09523810
2,fo,n,0.01587302
2,fo,o,0.07142857
2,fo,r,0.61111111
2,fo,s,0.01587302
2,fo,t,0.01587302
2,fo,u,0.08730159
2,fo,x,0.01587302
2,fp,</s>,1.00000000
2,fr,</s>,0.03225806
2,fr,a,0.32258065
2,fr,e,0.30645161
2,fr,i,0.19354839
2,fr,o,0.11290323
2,fr,u,0.03225806
2,fs,</s>,0.66666667
2,fs,e,0.16666667
2,fs,h,0.16666667
2,ft,</s>,0.56666667
2,ft,b,0.03333333
2,ft,e,0.20000000
2,ft,h,0.03333333
2,ft,p,0.03333333
2,ft,s,0.06666667
2,ft,w,0.03333333
2,ft,y,0.03333333
2,fu,</s>,0.01694915
2,fu,e,0.01694915
2,fu,g,0.01694915
2,fu,j,0.03389831
2,fu,l,0.32203390
2,fu,m,0.01694915
2,fu,n,0.30508475
2,fu,r,0.13559322
2,fu,s,0.08474576
2,fu,t,0.03389831
2,fu,z,0.01694915
2,fw,</s>,0.50000000
2,fw,d,0.50000000
2,fx,</s>,1.00000000
2,fy,</s>,0.81818182
2,fy,i,0.18181818
2,ga,</s>,0.04918033
2,ga,b,0.00819672
2,ga,c,0.00819672
2,ga,d,0.00819672
2,ga,e,0.00819672
2,ga,g,0.06557377
2,ga,i,0.05737705
2,ga,l,0.07377049
2,ga,m,0.05737705
2,ga,n,0.16393443
2,ga,p,0.02459016
2,ga,r,0.20491803
2,ga,s,0.03278689
2,ga,t,0.18032787
2,ga,u,0.00819672
2,ga,v,0.00819672
2,ga,y,0.01639344
2,ga,z,0.02459016
2,gb,</s>,0.25000000
2,gb,a,0.25000000
2,gb,p,0.25000000
2,gb,y,0.25000000
2,gc,</s>,0.50000000
2,gc,c,0.50000000
2,gd,</s>,0.33333333
2,gd,o,0.33333333
2,gd,p,0.33333333
2,ge,</s>,0.30291971
2,ge,a,0.00364964
2,ge,b,0.00364964
2,ge,d,0.05109489
2,ge,e,0.00729927
2,ge,l,0.02554745
2,ge,m,0.02919708
2,ge,n,0.17883212
2,ge,o,0.04379562
2,ge,r,0.16423358
2,ge,s,0.13503650
2,ge,t,0.05474453
2,gf,i,0.50000000
2,gf,u,0.50000000
2,gg,</s>,0.08695652
2,gg,a,0.08695652
2,gg,e,0.56521739
2,gg,i,0.08695652
2,gg,l,0.04347826
2,gg,r,0.08695652
2,gg,s,0.04347826
2,gh,</s>,0.14285714
2,gh,a,0.04761905
2,gh,b,0.02857143
2,gh,d,0.00952381
2,gh,e,0.02857143
2,gh,i,0.00952381
2,gh,l,0.06666667
2,gh,o,0.01904762
2,gh,s,0.00952381
2,gh,t,0.60952381
2,gh,w,0.01904762
2,gh,z,0.00952381
2,gi,</s>,0.01960784
2,gi,a,0.03921569
2,gi,b,0.03921569
2,gi,c,0.10784314
2,gi,d,0.00980392
2,gi,e,0.02941176
2,gi,f,0.02941176
2,gi,g,0.00980392
2,gi,l,0.00980392
2,gi,m,0.00980392
2,gi,n,0.40196078
2,gi,o,0.05882353
2,gi,r,0.02941176
2,gi,s,0.09803922
2,gi,t,0.04901961
2,gi,u,0.00980392
2,gi,v,0.04901961
2,gk,o,1.00000000
2,gl,</s>,0.03030303
2,gl,a,0.27272727
2,gl,e,0.33333333
2,gl,i,0.03030303
2,gl,o,0.18181818
2,gl,u,0.03030303
2,gl,y,0.12121212
2,gm,</s>,0.12500000
2,gm,a,0.12500000
2,gm,b,0.12500000
2,gm,c,0.12500000
2,gm,e,0.37500000
2,gm,t,0.12500000
2,gn,</s>,0.12000000
2,gn,a,0.16000000
2,gn,e,0.22000000
2,gn,i,0.24000000
2,gn,m,0.06000000
2,gn,o,0.10000000
2,gn,s,0.06000000
2,gn,u,0.04000000
2,go,</s>,0.16666667
2,go,a,0.05000000
2,go,d,0.01666667
2,go,e,0.01666667
2,go,i,0.03333333
2,go,l,0.08333333
2,go,m,0.01666667
2,go,n,0.08333333
2,go,o,0.05000000
2,go,r,0.13333333
2,go,s,0.06666667
2,go,t,0.15000000
2,go,u,0.01666667
2,go,v,0.10000000
2,go,w,0.01666667
2,gp,</s>,0.60000000
2,gp,l,0.20000000
2,gp,s,0.20000000
2,gr,</s>,0.00757576
2,gr,a,0.54545455
2,gr,e,0.25000000
2,gr,i,0.05303030
2,gr,o,0.12878788
2,gr,y,0.01515152
2,gs,</s>,0.91935484
2,gs,m,0.01612903
2,gs,t,0.06451613
2,gt,</s>,0.06666667
2,gt,h,0.33333333
2,gt,k,0.06666667
2,gt,o,0.53333333
2,gu,a,0.22058824
2,gu,e,0.20588235
2,gu,i,0.19117647
2,gu,l,0.11764706
2,gu,m,0.02941176
2,gu,n,0.04411765
2,gu,r,0.13235294
2,gu,s,0.01470588
2,gu,y,0.04411765
2,gy,</s>,0.86956522
2,gy,m,0.04347826
2,gy,p,0.08695652
2,gz,i,1.00000000
2,ha,</s>,0.02049180
2,ha,b,0.02049180
2,ha,c,0.00819672
2,ha,d,0.02459016
2,ha,e,0.00409836
2,ha,f,0.00409836
2,ha,i,0.04508197
2,ha,k,0.01229508
2,ha,l,0.05327869
2,ha,m,0.08606557
2,ha,n,0.22950820
2,ha,o,0.00409836
2,ha,p,0.05327869
2,ha,r,0.27459016
2,ha,s,0.04508197
2,ha,t,0.04508197
2,ha,u,0.00409836
2,ha,v,0.02868852
2,ha,w,0.01639344
2,ha,y,0.00819672
2,ha,z,0.01229508
2,hb,</s>,0.25000000
2,hb,o,0.75000000
2,hc,</s>,0.50000000
2,hc,a,0.50000000
2,hd,</s>,0.33333333
2,hd,a,0.33333333
2,hd,r,0.16666667
2,hd,t,0.16666667
2,he,</s>,0.02405498
2,he,a,0.15120275
2,he,b,0.00343643
2,he,c,0.02061856
2,he,d,0.08934708
2,he,e,0.03436426
2,he,f,0.01030928
2,he,h,0.00343643
2,he,i,0.01374570
2,he,l,0.07903780
2,he,m,0.04467354
2,he,n,0.06185567
2,he,o,0.01718213
2,he,p,0.00687285
2,he,q,0.00343643
2,he,r,0.28865979
2,he,s,0.10652921
2,he,t,0.01718213
2,he,v,0.00687285
2,he,w,0.01030928
2,he,y,0.00687285
2,hh,</s>,1.00000000
2,hi,</s>,0.03208556
2,hi,a,0.01069519
2,hi,b,0.03208556
2,hi,c,0.10695187
2,hi,d,0.01069519
2,hi,e,0.05347594
2,hi,f,0.00534759
2,hi,g,0.06417112
2,hi,k,0.00534759
2,hi,l,0.09625668
2,hi,m,0.01069519
2,hi,n,0.22994652
2,hi,o,0.01604278
2,hi,p,0.14438503
2,hi,r,0.05347594
2,hi,s,0.05347594
2,hi,t,0.05347594
2,hi,v,0.02139037
2,hk,</s>,1.00000000
2,hl,</s>,0.12500000
2,hl,a,0.12500000
2,hl,e,0.25000000
2,hl,i,0.25000000
2,hl,y,0.25000000
2,hm,</s>,0.20000000
2,hm,a,0.20000000
2,hm,e,0.40000000
2,hm,o,0.10000000
2,hm,s,0.10000000
2,hn,</s>,0.06250000
2,hn,i,0.37500000
2,hn,n,0.06250000
2,hn,o,0.31250000
2,hn,s,0.18750000
2,ho,</s>,0.02232143
2,ho,b,0.00892857
2,ho,c,0.01339286
2,ho,d,0.01785714
2,ho,e,0.01785714
2,ho,i,0.01339286
2,ho,l,0.16517857
2,ho,m,0.05357143
2,ho,n,0.09821429
2,ho,o,0.05803571
2,ho,p,0.08035714
2,ho,r,0.11607143
2,ho,s,0.07142857
2,ho,t,0.08928571
2,ho,u,0.10714286
2,ho,w,0.06696429
2,hp,</s>,0.66666667
2,hp,b,0.33333333
2,hq,</s>,0.50000000
2,hq,u,0.50000000
2,hr,</s>,0.02325581
2,hr,a,0.06976744
2,hr,e,0.25581395
2,hr,i,0.25581395
2,hr,o,0.32558140
2,hr,s,0.02325581
2,hr,u,0.02325581
2,hr,y,0.02325581
2,hs,</s>,0.85714286
2,hs,o,0.07142857
2,hs,t,0.07142857
2,ht,</s>,0.51428571
2,ht,b,0.01428571
2,ht,e,0.12857143
2,ht,i,0.02857143
2,ht,l,0.02857143
2,ht,m,0.04285714
2,ht,n,0.01428571
2,ht,o,0.01428571
2,ht,s,0.15714286
2,ht,t,0.01428571
2,ht,w,0.01428571
2,ht,y,0.02857143
2,hu,</s>,0.03773585
2,hu,a,0.03773585
2,hu,b,0.03773585
2,hu,c,0.01886792
2,hu,d,0.01886792
2,hu,g,0.07547170
2,hu,l,0.01886792
2,hu,m,0.22641509
2,hu,n,0.26415094
2,hu,r,0.15094340
2,hu,s,0.05660377
2,hu,t,0.05660377
2,hv,i,1.00000000
2,hw,a,0.40000000
2,hw,e,0.40000000
2,hw,y,0.20000000
2,hy,</s>,0.46666667
2,hy,b,0.03333333
2,hy,d,0.10000000
2,hy,g,0.03333333
2,hy,p,0.06666667
2,hy,s,0.23333333
2,hy,t,0.03333333
2,hy,u,0.03333333
2,hz,</s>,1.00000000
2,ia,</s>,0.26666667
2,ia,b,0.03137255
2,ia,c,0.00784314
2,ia,g,0.01960784
2,ia,h,0.00392157
2,ia,l,0.25098039
2,ia,m,0.03137255
2,ia,n,0.23137255
2,ia,o,0.00392157
2,ia,r,0.01568627
2,ia,s,0.00784314
2,ia,t,0.12549020
2,ia,w,0.00392157
2,ib,</s>,0.01176471
2,ib,a,0.02352941
2,ib,b,0.02352941
2,ib,e,0.16470588
2,ib,i,0.18823529
2,ib,l,0.23529412
2,ib,m,0.01176471
2,ib,o,0.02352941
2,ib,r,0.08235294
2,ib,s,0.02352941
2,ib,u,0.21176471
2,ic,</s>,0.20704846
2,ic,a,0.26651982
2,ic,e,0.10352423
2,ic,h,0.03524229
2,ic,i,0.08590308
2,ic,k,0.08810573
2,ic,l,0.02202643
2,ic,n,0.00220264
2,ic,o,0.01762115
2,ic,q,0.00220264
2,ic,r,0.00881057
2,ic,s,0.06828194
2,ic,t,0.06828194
2,ic,u,0.01982379
2,ic,y,0.00440529
2,id,</s>,0.18965517
2,id,a,0.08045977
2,id,d,0.02873563
2,id,e,0.49425287
2,id,g,0.04022989
2,id,i,0.05172414
2,id,l,0.01724138
2,id,n,0.01149425
2,id,o,0.00574713
2,id,s,0.04597701
2,id,t,0.01149425
2,id,u,0.01724138
2,id,w,0.00574713
2,ie,</s>,0.08802817
2,ie,c,0.01056338
2,ie,d,0.10915493
2,ie,e,0.00352113
2,ie,f,0.02816901
2,ie,g,0.00352113
2,ie,l,0.03873239
2,ie,m,0.00352113
2,ie,n,0.13380282
2,ie,r,0.07746479
2,ie,s,0.35915493
2,ie,t,0.04225352
2,ie,v,0.04225352
2,ie,w,0.05985915
2,if,</s>,0.03260870
2,if,a,0.01086957
2,if,e,0.08695652
2,if,f,0.19565217
2,if,i,0.44565217
2,if,o,0.02173913
2,if,t,0.08695652
2,if,u,0.02173913
2,if,y,0.09782609
2,ig,</s>,0.05000000
2,ig,a,0.10000000
2,ig,e,0.05625000
2,ig,g,0.01875000
2,ig,h,0.41875000
2,ig,i,0.07500000
2,ig,m,0.00625000
2,ig,n,0.20000000
2,ig,r,0.01875000
2,ig,u,0.05625000
2,ih,o,1.00000000
2,ii,</s>,0.60000000
2,ii,a,0.10000000
2,ii,i,0.20000000
2,ii,n,0.10000000
2,ij,a,0.16666667
2,ij,i,0.66666667
2,ij,u,0.16666667
2,ik,</s>,0.03846154
2,ik,e,0.61538462
2,ik,i,0.30769231
2,ik,o,0.03846154
2,il,</s>,0.12781955
2,il,a,0.03759398
2,il,b,0.00375940
2,il,d,0.05639098
2,il,e,0.15037594
2,il,i,0.21052632
2,il,k,0.00751880
2,il,l,0.23308271
2,il,m,0.01503759
2,il,o,0.01127820
2,il,r,0.00375940
2,il,s,0.04887218
2,il,t,0.03759398
2,il,u,0.00751880
2,il,v,0.00375940
2,il,w,0.00751880
2,il,y,0.03759398
2,im,</s>,0.10759494
2,im,a,0.15822785
2,im,b,0.02531646
2,im,e,0.20253165
2,im,g,0.00632911
2,im,i,0.12025316
2,im,m,0.05063291
2,im,o,0.04430380
2,im,p,0.20886076
2,im,s,0.03797468
2,im,u,0.03797468
2,in,</s>,0.06226272
2,in,a,0.04479879
2,in,b,0.00227790
2,in,c,0.03416856
2,in,d,0.04859529
2,in,e,0.08428246
2,in,f,0.01746393
2,in,g,0.44570995
2,in,h,0.00075930
2,in,i,0.04100228
2,in,j,0.00303721
2,in,k,0.01290812
2,in,l,0.00455581
2,in,m,0.00075930
2,in,n,0.01366743
2,in,o,0.00683371
2,in,p,0.00151860
2,in,q,0.00227790
2,in,s,0.05542901
2,in,t,0.08352316
2,in,u,0.01063022
2,in,v,0.02126044
2,in,y,0.00227790
2,io,</s>,0.02823920
2,io,d,0.00830565
2,io,g,0.00664452
2,io,l,0.01661130
2,io,n,0.87209302
2,io,p,0.00166113
2,io,r,0.02325581
2,io,s,0.00830565
2,io,t,0.00498339
2,io,u,0.02657807
2,io,v,0.00166113
2,io,w,0.00166113
2,ip,</s>,0.33333333
2,ip,a,0.11111111
2,ip,e,0.08333333
2,ip,h,0.01851852
2,ip,i,0.02777778
2,ip,l,0.07407407
2,ip,m,0.02777778
2,ip,o,0.00925926
2,ip,p,0.04629630
2,ip,r,0.00925926
2,ip,s,0.13888889
2,ip,t,0.12037037
2,iq,u,1.00000000
2,ir,</s>,0.09090909
2,ir,a,0.08484848
2,ir,c,0.06060606
2,ir,d,0.02424242
2,ir,e,0.32727273
2,ir,f,0.01212121
2,ir,g,0.01212121
2,ir,i,0.07272727
2,ir,k,0.00606061
2,ir,l,0.03636364
2,ir,m,0.04848485
2,ir,o,0.02424242
2,ir,p,0.01818182
2,ir,r,0.01818182
2,ir,s,0.03636364
2,ir,t,0.07272727
2,ir,u,0.01818182
2,ir,v,0.00606061
2,ir,y,0.03030303
2,is,</s>,0.09794989
2,is,a,0.03189066
2,is,b,0.00455581
2,is,c,0.07289294
2,is,d,0.00455581
2,is,e,0.10022779
2,is,f,0.00911162
2,is,h,0.10478360
2,is,i,0.08656036
2,is,k,0.00911162
2,is,l,0.01822323
2,is,m,0.01822323
2,is,n,0.00227790
2,is,o,0.05011390
2,is,p,0.02733485
2,is,r,0.00455581
2,is,s,0.07744875
2,is,t,0.27107062
2,is,u,0.00455581
2,is,v,0.00227790
2,is,y,0.00227790
2,it,</s>,0.11210762
2,it,a,0.08968610
2,it,c,0.01793722
2,it,e,0.13004484
2,it,h,0.02914798
2,it,i,0.21524664
2,it,l,0.01345291
2,it,m,0.00672646
2,it,n,0.00896861
2,it,o,0.03811659
2,it,r,0.00896861
2,it,s,0.05156951
2,it,t,0.04260090
2,it,u,0.05605381
2,it,y,0.17713004
2,it,z,0.00224215
2,iu,m,0.84210526
2,iu,s,0.15789474
2,iv,</s>,0.02173913
2,iv,a,0.07608696
2,iv,e,0.70108696
2,iv,i,0.17391304
2,iv,o,0.02173913
2,iv,x,0.00543478
2,iw,a,1.00000000
2,ix,</s>,0.54545455
2,ix,e,0.27272727
2,ix,i,0.04545455
2,ix,t,0.13636364
2,iy,</s>,1.00000000
2,iz,</s>,0.06000000
2,iz,a,0.22000000
2,iz,e,0.54000000
2,iz,i,0.04000000
2,iz,o,0.08000000
2,iz,r,0.02000000
2,iz,z,0.04000000
2,ja,</s>,0.03125000
2,ja,c,0.28125000
2,ja,d,0.03125000
2,ja,g,0.03125000
2,ja,i,0.03125000
2,ja,k,0.03125000
2,ja,m,0.15625000
2,ja,n,0.15625000
2,ja,p,0.06250000
2,ja,r,0.03125000
2,ja,s,0.03125000
2,ja,v,0.06250000
2,ja,y,0.03125000
2,ja,z,0.03125000
2,jc,</s>,0.50000000
2,jc,t,0.50000000
2,jd,</s>,1.00000000
2,je,</s>,0.02439024
2,je,a,0.04878049
2,je,c,0.39024390
2,je,e,0.02439024
2,je,f,0.07317073
2,je,l,0.02439024
2,je,n,0.04878049
2,je,r,0.09756098
2,je,s,0.07317073
2,je,t,0.07317073
2,je,w,0.12195122
2,ji,</s>,0.33333333
2,ji,j,0.11111111
2,ji,l,0.11111111
2,ji,m,0.22222222
2,ji,n,0.11111111
2,ji,t,0.11111111
2,jj,</s>,1.00000000
2,jm,</s>,1.00000000
2,jo,a,0.02631579
2,jo,b,0.05263158
2,jo,e,0.05263158
2,jo,h,0.13157895
2,jo,i,0.13157895
2,jo,k,0.05263158
2,jo,n,0.07894737
2,jo,r,0.07894737
2,jo,s,0.10526316
2,jo,u,0.15789474
2,jo,y,0.13157895
2,jp,</s>,0.33333333
2,jp,e,0.33333333
2,jp,g,0.33333333
2,jr,</s>,1.00000000
2,js,</s>,1.00000000
2,ju,a,0.05405405
2,ju,d,0.13513514
2,ju,i,0.02702703
2,ju,l,0.13513514
2,ju,m,0.05405405
2,ju,n,0.18918919
2,ju,r,0.13513514
2,ju,s,0.24324324
2,ju,v,0.02702703
2,jv,c,1.00000000
2,ka,</s>,0.19230769
2,ka,b,0.03846154
2,ka,g,0.11538462
2,ka,i,0.03846154
2,ka,n,0.07692308
2,ka,r,0.19230769
2,ka,t,0.23076923
2,ka,y,0.07692308
2,ka,z,0.03846154
2,kb,</s>,0.33333333
2,kb,a,0.33333333
2,kb,e,0.16666667
2,kb,o,0.16666667
2,kd,e,0.50000000
2,kd,o,0.50000000
2,ke,</s>,0.23870968
2,ke,d,0.12903226
2,ke,e,0.03225806
2,ke,h,0.00645161
2,ke,i,0.00645161
2,ke,l,0.04516129
2,ke,m,0.00645161
2,ke,n,0.10322581
2,ke,p,0.00645161
2,ke,r,0.14193548
2,ke,s,0.07741935
2,ke,t,0.12903226
2,ke,u,0.00645161
2,ke,v,0.00645161
2,ke,w,0.00645161
2,ke,y,0.05806452
2,kf,a,0.25000000
2,kf,l,0.25000000
2,kf,o,0.25000000
2,kf,u,0.25000000
2,kg,</s>,0.33333333
2,kg,r,0.66666667
2,kh,o,0.50000000
2,kh,s,0.50000000
2,ki,</s>,0.05319149
2,ki,a,0.02127660
2,ki,c,0.01063830
2,ki,d,0.03191489
2,ki,e,0.03191489
2,ki,i,0.01063830
2,ki,j,0.01063830
2,ki,l,0.09574468
2,ki,m,0.01063830
2,ki,n,0.55319149
2,ki,p,0.02127660
2,ki,r,0.04255319
2,ki,s,0.05319149
2,ki,t,0.05319149
2,kj,a,0.50000000
2,kj,e,0.50000000
2,kl,a,0.36363636
2,kl,e,0.18181818
2,kl,i,0.18181818
2,kl,y,0.27272727
2,km,</s>,0.33333333
2,km,a,0.66666667
2,kn,a,0.04761905
2,kn,e,0.19047619
2,kn,i,0.28571429
2,kn,o,0.47619048
2,ko,</s>,0.08333333
2,ko,d,0.08333333
2,ko,k,0.08333333
2,ko,n,0.25000000
2,ko,o,0.08333333
2,ko,r,0.16666667
2,ko,t,0.08333333
2,ko,u,0.16666667
2,kp,a,0.50000000
2,kp,l,0.50000000
2,kr,</s>,0.25000000
2,kr,a,0.25000000
2,kr,u,0.50000000
2,ks,</s>,0.84375000
2,ks,g,0.01562500
2,ks,h,0.04687500
2,ks,m,0.01562500
2,ks,o,0.03125000
2,ks,t,0.03125000
2,ks,w,0.01562500
2,kt,a,0.33333333
2,kt,o,0.66666667
2,ku,</s>,0.16666667
2,ku,p,0.50000000
2,ku,r,0.16666667
2,ku,w,0.16666667
2,kw,</s>,1.00000000
2,ky,</s>,0.72727273
2,ky,l,0.09090909
2,ky,o,0.09090909
2,ky,p,0.09090909
2,la,</s>,0.04032258
2,la,b,0.04032258
2,la,c,0.05913978
2,la,d,0.02688172
2,la,f,0.00268817
2,la,g,0.01075269
2,la,h,0.00806452
2,la,i,0.05107527
2,la,k,0.00806452
2,la,m,0.02150538
2,la,n,0.19354839
2,la,o,0.00268817
2,la,p,0.01075269
2,la,r,0.11827957
2,la,s,0.08064516
2,la,t,0.18817204
2,la,u,0.02688172
2,la,v,0.00806452
2,la,w,0.02688172
2,la,x,0.00806452
2,la,y,0.06182796
2,la,z,0.00537634
2,lb,</s>,0.14285714
2,lb,a,0.21428571
2,lb,e,0.21428571
2,lb,o,0.14285714
2,lb,s,0.07142857
2,lb,u,0.21428571
2,lc,</s>,0.28571429
2,lc,d,0.07142857
2,lc,i,0.07142857
2,lc,o,0.14285714
2,lc,u,0.42857143
2,ld,</s>,0.49382716
2,ld,c,0.01234568
2,ld,e,0.20987654
2,ld,h,0.01234568
2,ld,i,0.11111111
2,ld,l,0.01234568
2,ld,o,0.01234568
2,ld,r,0.02469136
2,ld,s,0.09876543
2,ld,w,0.01234568
2,le,</s>,0.28119508
2,le,a,0.07557118
2,le,b,0.01054482
2,le,c,0.07381371
2,le,d,0.06151142
2,le,e,0.01581722
2,le,f,0.00351494
2,le,g,0.03514938
2,le,i,0.00527241
2,le,l,0.00351494
2,le,m,0.03339192
2,le,n,0.06151142
2,le,o,0.00702988
2,le,p,0.00527241
2,le,r,0.06151142
2,le,s,0.14411248
2,le,t,0.05799649
2,le,u,0.00351494
2,le,v,0.02108963
2,le,w,0.00175747
2,le,x,0.01933216
2,le,y,0.01757469
2,lf,</s>,0.76470588
2,lf,a,0.11764706
2,lf,r,0.11764706
2,lg,</s>,0.11111111
2,lg,a,0.33333333
2,lg,e,0.22222222
2,lg,i,0.11111111
2,lg,o,0.22222222
2,lh,i,1.00000000
2,li,</s>,0.01079914
2,li,a,0.07343413
2,li,b,0.02159827
2,li,c,0.10583153
2,li,d,0.02807775
2,li,e,0.06479482
2,li,f,0.03455724
2,li,g,0.05831533
2,li,h,0.00215983
2,li,k,0.01943844
2,li,l,0.00215983
2,li,m,0.04319654
2,li,n,0.20518359
2,li,o,0.02159827
2,li,p,0.02375810
2,li,q,0.00215983
2,li,s,0.08423326
2,li,t,0.13390929
2,li,u,0.00215983
2,li,v,0.03887689
2,li,z,0.02375810
2,lk,</s>,0.36842105
2,lk,e,0.15789474
2,lk,i,0.21052632
2,lk,o,0.05263158
2,lk,s,0.21052632
2,ll,</s>,0.21262458
2,ll,a,0.08305648
2,ll,c,0.00332226
2,ll,e,0.22923588
2,ll,i,0.11960133
2,ll,m,0.00332226
2,ll,n,0.00664452
2,ll,o,0.08305648
2,ll,p,0.00996678
2,ll,s,0.05315615
2,ll,u,0.01661130
2,ll,y,0.17940199
2,lm,</s>,0.40000000
2,lm,a,0.06666667
2,lm,e,0.33333333
2,lm,o,0.13333333
2,lm,s,0.06666667
2,ln,</s>,0.28571429
2,ln,e,0.57142857
2,ln,u,0.14285714
2,lo,</s>,0.02807018
2,lo,a,0.05614035
2,lo,b,0.01052632
2,lo,c,0.08771930
2,lo,d,0.00701754
2,lo,f,0.00350877
2,lo,g,0.17543860
2,lo,l,0.00350877
2,lo,m,0.01403509
2,lo,n,0.07017544
2,lo,o,0.06315789
2,lo,p,0.04912281
2,lo,r,0.06315789
2,lo,s,0.07719298
2,lo,t,0.05263158
2,lo,u,0.04912281
2,lo,v,0.03859649
2,lo,w,0.10877193
2,lo,y,0.04210526
2,lp,</s>,0.18750000
2,lp,a,0.12500000
2,lp,e,0.06250000
2,lp,f,0.06250000
2,lp,h,0.25000000
2,lp,i,0.12500000
2,lp,r,0.06250000
2,lp,s,0.06250000
2,lp,t,0.06250000
2,lr,e,0.33333333
2,lr,o,0.33333333
2,lr,y,0.33333333
2,ls,</s>,0.88461538
2,ls,a,0.00961538
2,ls,e,0.04807692
2,ls,h,0.00961538
2,ls,o,0.03846154
2,ls,t,0.00961538
2,lt,</s>,0.22727273
2,lt,a,0.11363636
2,lt,d,0.01136364
2,lt,e,0.13636364
2,lt,h,0.06818182
2,lt,i,0.14772727
2,lt,o,0.07954545
2,lt,r,0.03409091
2,lt,s,0.03409091
2,lt,u,0.05681818
2,lt,y,0.09090909
2,lu,</s>,0.03125000
2,lu,a,0.07291667
2,lu,b,0.02083333
2,lu,c,0.06250000
2,lu,d,0.09375000
2,lu,e,0.09375000
2,lu,g,0.04166667
2,lu,i,0.02083333
2,lu,k,0.01041667
2,lu,l,0.02083333
2,lu,m,0.13541667
2,lu,n,0.05208333
2,lu,r,0.02083333
2,lu,s,0.16666667
2,lu,t,0.11458333
2,lu,x,0.04166667
2,lv,a,0.12500000
2,lv,d,0.04166667
2,lv,e,0.62500000
2,lv,i,0.16666667
2,lv,o,0.04166667
2,lw,a,1.00000000
2,ly,</s>,0.87096774
2,ly,c,0.00460829
2,ly,e,0.00921659
2,ly,i,0.02304147
2,ly,m,0.02304147
2,ly,n,0.01382488
2,ly,p,0.00460829
2,ly,r,0.00921659
2,ly,s,0.02304147
2,ly,t,0.00460829
2,ly,w,0.00460829
2,ly,z,0.00921659
2,ma,</s>,0.05089820
2,ma,c,0.04491018
2,ma,d,0.02694611
2,ma,e,0.00299401
2,ma,g,0.05089820
2,ma,h,0.00598802
2,ma,i,0.08682635
2,ma,j,0.00598802
2,ma,k,0.01796407
2,ma,l,0.08083832
2,ma,m,0.00299401
2,ma,n,0.17365269
2,ma,p,0.01497006
2,ma,r,0.18562874
2,ma,s,0.04491018
2,ma,t,0.17065868
2,ma,u,0.00598802
2,ma,x,0.00898204
2,ma,y,0.00898204
2,ma,z,0.00898204
2,mb,</s>,0.09375000
2,mb,a,0.10937500
2,mb,d,0.01562500
2,mb,e,0.25000000
2,mb,h,0.01562500
2,mb,i,0.21875000
2,mb,l,0.07812500
2,mb,n,0.03125000
2,mb,o,0.09375000
2,mb,r,0.03125000
2,mb,s,0.01562500
2,mb,u,0.03125000
2,mb,z,0.01562500
2,mc,</s>,0.50000000
2,mc,d,0.16666667
2,mc,o,0.33333333
2,md,</s>,1.00000000
2,me,</s>,0.13286713
2,me,a,0.03496503
2,me,b,0.00233100
2,me,c,0.01165501
2,me,d,0.08857809
2,me,e,0.01165501
2,me,g,0.00466200
2,me,h,0.00233100
2,me,l,0.02797203
2,me,m,0.03030303
2,me,n,0.37062937
2,me,o,0.00233100
2,me,p,0.00233100
2,me,r,0.11655012
2,me,s,0.07459207
2,me,t,0.06993007
2,me,w,0.00932401
2,me,x,0.00466200
2,me,y,0.00233100
2,mf,</s>,0.25000000
2,mf,o,0.50000000
2,mf,u,0.25000000
2,mg,</s>,1.00000000
2,mh,</s>,0.50000000
2,mh,z,0.50000000
2,mi,</s>,0.01593625
2,mi,a,0.00796813
2,mi,b,0.00398406
2,mi,c,0.09561753
2,mi,d,0.03187251
2,mi,e,0.01992032
2,mi,g,0.01992032
2,mi,k,0.00398406
2,mi,l,0.10358566
2,mi,m,0.00398406
2,mi,n,0.36653386
2,mi,r,0.01593625
2,mi,s,0.13944223
2,mi,t,0.11952191
2,mi,u,0.00398406
2,mi,x,0.02390438
2,mi,z,0.02390438
2,mj,</s>,1.00000000
2,ml,</s>,0.66666667
2,ml,b,0.16666667
2,ml,s,0.16666667
2,mm,</s>,0.02941176
2,mm,a,0.14705882
2,mm,e,0.29411765
2,mm,i,0.23529412
2,mm,o,0.13235294
2,mm,u,0.13235294
2,mm,y,0.02941176
2,mn,</s>,0.50000000
2,mn,i,0.33333333
2,mn,s,0.16666667
2,mo,</s>,0.02061856
2,mo,a,0.00515464
2,mo,b,0.02577320
2,mo,c,0.02061856
2,mo,d,0.13402062
2,mo,g,0.00515464
2,mo,i,0.00515464
2,mo,k,0.01030928
2,mo,l,0.02061856
2,mo,m,0.02577320
2,mo,n,0.25773196
2,mo,o,0.02061856
2,mo,r,0.11340206
2,mo,s,0.04123711
2,mo,t,0.12886598
2,mo,u,0.08247423
2,mo,v,0.07216495
2,mo,z,0.01030928
2,mp,</s>,0.05945946
2,mp,a,0.12972973
2,mp,b,0.00540541
2,mp,e,0.08108108
2,mp,g,0.00540541
2,mp,h,0.02702703
2,mp,i,0.08108108
2,mp,l,0.25405405
2,mp,o,0.11891892
2,mp,r,0.06486486
2,mp,s,0.04324324
2,mp,t,0.08108108
2,mp,u,0.04864865
2,mr,</s>,0.33333333
2,mr,n,0.33333333
2,mr,s,0.33333333
2,ms,</s>,0.79661017
2,ms,e,0.03389831
2,ms,g,0.05084746
2,ms,i,0.01694915
2,ms,n,0.01694915
2,ms,o,0.01694915
2,ms,t,0.05084746
2,ms,u,0.01694915
2,mt,</s>,0.50000000
2,mt,p,0.25000000
2,mt,v,0.25000000
2,mu,</s>,0.02127660
2,mu,c,0.02127660
2,mu,d,0.04255319
2,mu,e,0.02127660
2,mu,g,0.02127660
2,mu,l,0.17021277
2,mu,m,0.08510638
2,mu,n,0.25531915
2,mu,r,0.06382979
2,mu,s,0.25531915
2,mu,t,0.02127660
2,mu,z,0.02127660
2,mv,</s>,1.00000000
2,mw,</s>,0.66666667
2,mw,a,0.33333333
2,mx,</s>,1.00000000
2,my,</s>,0.52380952
2,my,a,0.04761905
2,my,e,0.04761905
2,my,r,0.04761905
2,my,s,0.28571429
2,my,t,0.04761905
2,na,</s>,0.13138686
2,na,b,0.03284672
2,na,c,0.00364964
2,na,d,0.01094891
2,na,g,0.02919708
2,na,h,0.00729927
2,na,i,0.02189781
2,na,k,0.00729927
2,na,l,0.27372263
2,na,m,0.07299270
2,na,n,0.05474453
2,na,p,0.01824818
2,na,r,0.06204380
2,na,s,0.02919708
2,na,t,0.20802920
2,na,u,0.00729927
2,na,v,0.02554745
2,na,x,0.00364964
2,nb,</s>,0.22222222
2,nb,a,0.11111111
2,nb,c,0.11111111
2,nb,e,0.11111111
2,nb,o,0.22222222
2,nb,u,0.22222222
2,nc,</s>,0.01574803
2,nc,a,0.01181102
2,nc,e,0.57480315
2,nc,h,0.06692913
2,nc,i,0.09448819
2,nc,l,0.05511811
2,nc,o,0.06299213
2,nc,r,0.03149606
2,nc,t,0.03543307
2,nc,u,0.00393701
2,nc,y,0.04724409
2,nd,</s>,0.26966292
2,nd,a,0.08988764
2,nd,b,0.00561798
2,nd,e,0.17696629
2,nd,h,0.00561798
2,nd,i,0.15449438
2,nd,l,0.03089888
2,nd,m,0.00842697
2,nd,o,0.05617978
2,nd,r,0.03089888
2,nd,s,0.10955056
2,nd,t,0.00280899
2,nd,u,0.03089888
2,nd,w,0.00842697
2,nd,y,0.01966292
2,ne,</s>,0.23543689
2,ne,a,0.02427184
2,ne,b,0.00242718
2,ne,c,0.03883495
2,ne,d,0.09466019
2,ne,e,0.02184466
2,ne,f,0.00728155
2,ne,g,0.00970874
2,ne,i,0.01456311
2,ne,l,0.02427184
2,ne,m,0.01213592
2,ne,n,0.01941748
2,ne,o,0.00970874
2,ne,p,0.00242718
2,ne,r,0.16019417
2,ne,s,0.15291262
2,ne,t,0.06310680
2,ne,u,0.00970874
2,ne,v,0.01213592
2,ne,w,0.04854369
2,ne,x,0.01213592
2,ne,y,0.02184466
2,ne,z,0.00242718
2,nf,</s>,0.04166667
2,nf,a,0.04166667
2,nf,e,0.14583333
2,nf,i,0.29166667
2,nf,l,0.14583333
2,nf,o,0.20833333
2,nf,r,0.06250000
2,nf,u,0.06250000
2,ng,</s>,0.77474892
2,ng,a,0.01147776
2,ng,d,0.00143472
2,ng,e,0.06456241
2,ng,f,0.00286944
2,ng,h,0.00573888
2,ng,i,0.01721664
2,ng,k,0.00143472
2,ng,l,0.01721664
2,ng,o,0.00717360
2,ng,r,0.00860832
2,ng,s,0.06025825
2,ng,t,0.01865136
2,ng,u,0.00860832
2,nh,</s>,0.09090909
2,nh,a,0.54545455
2,nh,e,0.09090909
2,nh,l,0.09090909
2,nh,o,0.09090909
2,nh,s,0.09090909
2,ni,</s>,0.01851852
2,ni,a,0.07037037
2,ni,c,0.14814815
2,ni,d,0.00370370
2,ni,e,0.02962963
2,ni,f,0.02962963
2,ni,g,0.04074074
2,ni,k,0.00740741
2,ni,l,0.01111111
2,ni,m,0.02962963
2,ni,n,0.20370370
2,ni,o,0.04444444
2,ni,p,0.00370370
2,ni,q,0.01111111
2,ni,r,0.00370370
2,ni,s,0.12222222
2,ni,t,0.13703704
2,ni,u,0.01481481
2,ni,v,0.02962963
2,ni,x,0.00740741
2,ni,z,0.03333333
2,nj,</s>,0.10000000
2,nj,a,0.10000000
2,nj,e,0.10000000
2,nj,o,0.30000000
2,nj,u,0.40000000
2,nk,</s>,0.42553191
2,nk,a,0.02127660
2,nk,e,0.08510638
2,nk,f,0.02127660
2,nk,i,0.14893617
2,nk,j,0.02127660
2,nk,l,0.02127660
2,nk,n,0.02127660
2,nk,p,0.02127660
2,nk,r,0.02127660
2,nk,s,0.17021277
2,nk,y,0.02127660
2,nl,</s>,0.04166667
2,nl,a,0.16666667
2,nl,e,0.12500000
2,nl,i,0.20833333
2,nl,o,0.25000000
2,nl,y,0.20833333
2,nm,</s>,0.07692308
2,nm,a,0.15384615
2,nm,e,0.76923077
2,nn,</s>,0.07216495
2,nn,a,0.10309278
2,nn,e,0.40206186
2,nn,i,0.14432990
2,nn,o,0.14432990
2,nn,s,0.02061856
2,nn,u,0.02061856
2,nn,y,0.09278351
2,no,</s>,0.08333333
2,no,b,0.01515152
2,no,c,0.01515152
2,no,d,0.01515152
2,no,i,0.01515152
2,no,k,0.00757576
2,no,l,0.07575758
2,no,m,0.08333333
2,no,n,0.07575758
2,no,o,0.01515152
2,no,p,0.00757576
2,no,r,0.18181818
2,no,s,0.03030303
2,no,t,0.15151515
2,no,u,0.05303030
2,no,v,0.06818182
2,no,w,0.09848485
2,no,y,0.00757576
2,np,</s>,0.25000000
2,np,r,0.25000000
2,np,u,0.50000000
2,nq,u,1.00000000
2,nr,</s>,0.12500000
2,nr,e,0.25000000
2,nr,i,0.12500000
2,nr,o,0.37500000
2,nr,y,0.12500000
2,ns,</s>,0.52631579
2,ns,a,0.01535088
2,ns,b,0.00219298
2,ns,c,0.01096491
2,ns,e,0.07017544
2,ns,f,0.01096491
2,ns,h,0.02192982
2,ns,i,0.10087719
2,ns,l,0.01315789
2,ns,m,0.00657895
2,ns,o,0.02850877
2,ns,p,0.02192982
2,ns,s,0.00219298
2,ns,t,0.10745614
2,ns,u,0.04385965
2,ns,w,0.01315789
2,ns,y,0.00438596
2,nt,</s>,0.30441400
2,nt,a,0.10045662
2,nt,b,0.00152207
2,nt,e,0.16286149
2,nt,g,0.00152207
2,nt,h,0.01217656
2,nt,i,0.14611872
2,nt,l,0.03044140
2,nt,m,0.00304414
2,nt,o,0.01978691
2,nt,p,0.00152207
2,nt,r,0.06697108
2,nt,s,0.12480974
2,nt,u,0.01522070
2,nt,y,0.00913242
2,nu,</s>,0.05172414
2,nu,a,0.12068966
2,nu,c,0.01724138
2,nu,d,0.01724138
2,nu,e,0.13793103
2,nu,f,0.08620690
2,nu,i,0.05172414
2,nu,k,0.01724138
2,nu,l,0.01724138
2,nu,m,0.12068966
2,nu,o,0.03448276
2,nu,p,0.03448276
2,nu,r,0.06896552
2,nu,s,0.06896552
2,nu,t,0.13793103
2,nu,x,0.01724138
2,nv,</s>,0.01886792
2,nv,a,0.05660377
2,nv,e,0.54716981
2,nv,i,0.26415094
2,nv,o,0.11320755
2,nw,</s>,0.16666667
2,nw,a,0.16666667
2,nw,e,0.16666667
2,nw,h,0.16666667
2,nw,i,0.16666667
2,nw,r,0.16666667
2,nx,i,1.00000000
2,ny,</s>,0.65909091
2,ny,a,0.02272727
2,ny,b,0.02272727
2,ny,c,0.02272727
2,ny,i,0.02272727
2,ny,l,0.04545455
2,ny,m,0.04545455
2,ny,o,0.06818182
2,ny,t,0.04545455
2,ny,w,0.04545455
2,nz,</s>,0.40000000
2,nz,a,0.20000000
2,nz,e,0.20000000
2,nz,y,0.20000000
2,oa,</s>,0.03278689
2,oa,c,0.08196721
2,oa,d,0.36065574
2,oa,k,0.04918033
2,oa,l,0.06557377
2,oa,m,0.01639344
2,oa,n,0.04918033
2,oa,p,0.01639344
2,oa,r,0.09836066
2,oa,s,0.04918033
2,oa,t,0.18032787
2,ob,</s>,0.08620690
2,ob,a,0.12068966
2,ob,b,0.08620690
2,ob,e,0.13793103
2,ob,i,0.13793103
2,ob,j,0.08620690
2,ob,l,0.08620690
2,ob,o,0.05172414
2,ob,s,0.10344828
2,ob,t,0.05172414
2,ob,u,0.01724138
2,ob,v,0.03448276
2,oc,</s>,0.04918033
2,oc,a,0.15573770
2,oc,c,0.12295082
2,oc,e,0.12295082
2,oc,h,0.02459016
2,oc,i,0.08196721
2,oc,k,0.23770492
2,oc,l,0.00819672
2,oc,o,0.03278689
2,oc,r,0.03278689
2,oc,s,0.00819672
2,oc,t,0.04098361
2,oc,u,0.08196721
2,od,</s>,0.20353982
2,od,a,0.04424779
2,od,c,0.01769912
2,od,d,0.03539823
2,od,e,0.17699115
2,od,g,0.02654867
2,od,i,0.13274336
2,od,o,0.01769912
2,od,s,0.06194690
2,od,u,0.22123894
2,od,y,0.06194690
2,oe,</s>,0.33333333
2,oe,c,0.04761905
2,oe,l,0.04761905
2,oe,m,0.14285714
2,oe,n,0.04761905
2,oe,s,0.28571429
2,oe,t,0.09523810
2,of,</s>,0.14285714
2,of,a,0.02380952
2,of,e,0.09523810
2,of,f,0.45238095
2,of,i,0.11904762
2,of,t,0.16666667
2,og,</s>,0.12222222
2,og,a,0.02222222
2,og,e,0.05555556
2,og,g,0.05555556
2,og,i,0.12222222
2,og,l,0.01111111
2,og,n,0.06666667
2,og,o,0.02222222
2,og,r,0.25555556
2,og,s,0.05555556
2,og,u,0.02222222
2,og,y,0.18888889
2,oh,</s>,0.10000000
2,oh,e,0.10000000
2,oh,i,0.20000000
2,oh,n,0.50000000
2,oh,o,0.10000000
2,oi,c,0.12500000
2,oi,d,0.07500000
2,oi,l,0.10000000
2,oi,n,0.50000000
2,oi,p,0.02500000
2,oi,r,0.05000000
2,oi,s,0.10000000
2,oi,t,0.02500000
2,oj,e,1.00000000
2,ok,</s>,0.26785714
2,ok,a,0.01785714
2,ok,b,0.01785714
2,ok,e,0.30357143
2,ok,i,0.14285714
2,ok,l,0.03571429
2,ok,m,0.03571429
2,ok,s,0.14285714
2,ok,u,0.01785714
2,ok,y,0.01785714
2,ol,</s>,0.09252669
2,ol,a,0.06049822
2,ol,b,0.00711744
2,ol,d,0.11387900
2,ol,e,0.09252669
2,ol,f,0.00711744
2,ol,i,0.10320285
2,ol,k,0.01779359
2,ol,l,0.18505338
2,ol,m,0.00711744
2,ol,n,0.00355872
2,ol,o,0.13523132
2,ol,s,0.02135231
2,ol,t,0.01423488
2,ol,u,0.07117438
2,ol,v,0.03914591
2,ol,y,0.02846975
2,om,</s>,0.09225092
2,om,a,0.07749077
2,om,b,0.04059041
2,om,e,0.17343173
2,om,f,0.00738007
2,om,i,0.09594096
2,om,m,0.16974170
2,om,o,0.04797048
2,om,p,0.25830258
2,om,s,0.02583026
2,om,y,0.01107011
2,on,</s>,0.43058161
2,on,a,0.05440901
2,on,c,0.01782364
2,on,d,0.03470919
2,on,e,0.05065666
2,on,f,0.01969981
2,on,g,0.02532833
2,on,i,0.02439024
2,on,j,0.00093809
2,on,k,0.00093809
2,on,l,0.00281426
2,on,m,0.00281426
2,on,n,0.01313321
2,on,o,0.01031895
2,on,p,0.00093809
2,on,r,0.00093809
2,on,s,0.21482176
2,on,t,0.06472795
2,on,u,0.00093809
2,on,v,0.01594747
2,on,w,0.00187617
2,on,y,0.01031895
2,on,z,0.00093809
2,oo,</s>,0.05333333
2,oo,d,0.12666667
2,oo,f,0.02000000
2,oo,g,0.00666667
2,oo,k,0.22666667
2,oo,l,0.11333333
2,oo,m,0.09333333
2,oo,n,0.06000000
2,oo,o,0.00666667
2,oo,p,0.05333333
2,oo,r,0.10000000
2,oo,s,0.02666667
2,oo,t,0.10666667
2,oo,v,0.00666667
2,op,</s>,0.11724138
2,op,e,0.28965517
2,op,h,0.03448276
2,op,i,0.06896552
2,op,k,0.00689655
2,op,l,0.01379310
2,op,m,0.02068966
2,op,o,0.05517241
2,op,p,0.10344828
2,op,r,0.02758621
2,op,s,0.09655172
2,op,t,0.09655172
2,op,u,0.02758621
2,op,y,0.03448276
2,op,z,0.00689655
2,or,</s>,0.16943522
2,or,a,0.04983389
2,or,b,0.00498339
2,or,c,0.01827243
2,or,d,0.08637874
2,or,e,0.07308970
2,or,f,0.00166113
2,or,g,0.03654485
2,or,h,0.00166113
2,or,i,0.08637874
2,or,k,0.03986711
2,or,l,0.00996678
2,or,m,0.06810631
2,or,n,0.01993355
2,or,o,0.01162791
2,or,p,0.01495017
2,or,r,0.03156146
2,or,s,0.09634551
2,or,t,0.12956811
2,or,u,0.00498339
2,or,w,0.00664452
2,or,y,0.03820598
2,os,</s>,0.15028902
2,os,a,0.02890173
2,os,c,0.01156069
2,os,e,0.21965318
2,os,h,0.02890173
2,os,i,0.11560694
2,os,l,0.00578035
2,os,m,0.01156069
2,os,n,0.00578035
2,os,o,0.01156069
2,os,p,0.05780347
2,os,s,0.11560694
2,os,t,0.21387283
2,os,u,0.02312139
2,ot,</s>,0.13736264
2,ot,a,0.07692308
2,ot,b,0.00549451
2,ot,e,0.18131868
2,ot,h,0.12637363
2,ot,i,0.14285714
2,ot,k,0.00549451
2,ot,l,0.01098901
2,ot,m,0.00549451
2,ot,o,0.10989011
2,ot,r,0.00549451
2,ot,s,0.06043956
2,ot,t,0.10989011
2,ot,u,0.00549451
2,ot,w,0.00549451
2,ot,y,0.01098901
2,ou,</s>,0.01454545
2,ou,b,0.01454545
2,ou,c,0.00727273
2,ou,d,0.02181818
2,ou,g,0.07636364
2,ou,i,0.01454545
2,ou,l,0.04000000
2,ou,n,0.25454545
2,ou,p,0.02909091
2,ou,q,0.00363636
2,ou,r,0.19636364
2,ou,s,0.17090909
2,ou,t,0.15272727
2,ou,v,0.00363636
2,ov,</s>,0.01020408
2,ov,a,0.12244898
2,ov,e,0.67346939
2,ov,i,0.19387755
2,ow,</s>,0.28125000
2,ow,a,0.04687500
2,ow,b,0.01562500
2,ow,c,0.00781250
2,ow,d,0.01562500
2,ow,e,0.16406250
2,ow,h,0.00781250
2,ow,i,0.05468750
2,ow,l,0.05468750
2,ow,n,0.20312500
2,ow,s,0.12500000
2,ow,t,0.02343750
2,ox,</s>,0.50000000
2,ox,e,0.10000000
2,ox,f,0.05000000
2,ox,i,0.25000000
2,ox,y,0.10000000
2,oy,</s>,0.31250000
2,oy,a,0.06250000
2,oy,c,0.03125000
2,oy,d,0.06250000
2,oy,e,0.25000000
2,oy,i,0.06250000
2,oy,m,0.09375000
2,oy,o,0.03125000
2,oy,s,0.06250000
2,oy,u,0.03125000
2,oz,</s>,0.12500000
2,oz,a,0.25000000
2,oz,e,0.37500000
2,oz,i,0.12500000
2,oz,o,0.12500000
2,pa,</s>,0.01612903
2,pa,b,0.01209677
2,pa,c,0.09274194
2,pa,d,0.01612903
2,pa,g,0.02419355
2,pa,i,0.06854839
2,pa,k,0.00403226
2,pa,l,0.04838710
2,pa,m,0.01209677
2,pa,n,0.10887097
2,pa,p,0.03629032
2,pa,q,0.00806452
2,pa,r,0.30241935
2,pa,s,0.07661290
2,pa,t,0.12500000
2,pa,u,0.00403226
2,pa,v,0.00403226
2,pa,x,0.00403226
2,pa,y,0.03629032
2,pb,</s>,0.33333333
2,pb,b,0.33333333
2,pb,e,0.33333333
2,pc,</s>,0.42857143
2,pc,i,0.14285714
2,pc,o,0.14285714
2,pc,s,0.14285714
2,pc,t,0.14285714
2,pd,</s>,0.11111111
2,pd,a,0.66666667
2,pd,f,0.11111111
2,pd,t,0.11111111
2,pe,</s>,0.07540984
2,pe,a,0.07213115
2,pe,c,0.14754098
2,pe,d,0.04262295
2,pe,e,0.02622951
2,pe,f,0.00327869
2,pe,g,0.00983607
2,pe,l,0.01639344
2,pe,n,0.15409836
2,pe,o,0.00655738
2,pe,p,0.00327869
2,pe,r,0.34098361
2,pe,s,0.03606557
2,pe,t,0.05573770
2,pe,u,0.00327869
2,pe,x,0.00327869
2,pe,z,0.00327869
2,pf,</s>,0.50000000
2,pf,u,0.50000000
2,pg,</s>,0.50000000
2,pg,p,0.12500000
2,pg,r,0.37500000
2,ph,</s>,0.08510638
2,ph,a,0.13829787
2,ph,d,0.01063830
2,ph,e,0.13829787
2,ph,i,0.22340426
2,ph,o,0.19148936
2,ph,p,0.02127660
2,ph,r,0.02127660
2,ph,s,0.03191489
2,ph,y,0.13829787
2,pi,</s>,0.03333333
2,pi,a,0.01666667
2,pi,c,0.17500000
2,pi,d,0.04166667
2,pi,e,0.09166667
2,pi,g,0.00833333
2,pi,k,0.00833333
2,pi,l,0.07500000
2,pi,n,0.21666667
2,pi,o,0.04166667
2,pi,p,0.02500000
2,pi,r,0.12500000
2,pi,s,0.02500000
2,pi,t,0.08333333
2,pi,x,0.02500000
2,pi,z,0.00833333
2,pj,</s>,1.00000000
2,pk,</s>,0.50000000
2,pk,i,0.50000000
2,pl,</s>,0.01149425
2,pl,a,0.34482759
2,pl,c,0.00574713
2,pl,e,0.23563218
2,pl,i,0.21264368
2,pl,o,0.10919540
2,pl,u,0.03448276
2,pl,y,0.04597701
2,pm,</s>,0.27272727
2,pm,c,0.09090909
2,pm,e,0.54545455
2,pm,i,0.09090909
2,pn,</s>,0.75000000
2,pn,i,0.25000000
2,po,</s>,0.00865801
2,po,c,0.00865801
2,po,d,0.01731602
2,po,e,0.01731602
2,po,i,0.04761905
2,po,k,0.02164502
2,po,l,0.10389610
2,po,n,0.11688312
2,po,o,0.01731602
2,po,p,0.02597403
2,po,r,0.25541126
2,po,s,0.22943723
2,po,t,0.06060606
2,po,u,0.03030303
2,po,v,0.00432900
2,po,w,0.03463203
2,pp,</s>,0.02083333
2,pp,a,0.04166667
2,pp,c,0.01041667
2,pp,e,0.22916667
2,pp,h,0.01041667
2,pp,i,0.08333333
2,pp,l,0.20833333
2,pp,m,0.01041667
2,pp,o,0.18750000
2,pp,r,0.15625000
2,pp,s,0.01041667
2,pp,y,0.03125000
2,pr,</s>,0.00653595
2,pr,a,0.04575163
2,pr,e,0.29411765
2,pr,i,0.17320261
2,pr,o,0.47712418
2,pr,u,0.00326797
2,ps,</s>,0.75000000
2,ps,e,0.04687500
2,ps,h,0.03125000
2,ps,i,0.03125000
2,ps,o,0.06250000
2,ps,p,0.01562500
2,ps,t,0.01562500
2,ps,y,0.04687500
2,pt,</s>,0.21111111
2,pt,a,0.04444444
2,pt,c,0.01111111
2,pt,e,0.11111111
2,pt,h,0.01111111
2,pt,i,0.37777778
2,pt,l,0.01111111
2,pt,o,0.08888889
2,pt,s,0.06666667
2,pt,u,0.04444444
2,pt,y,0.02222222
2,pu,</s>,0.01369863
2,pu,a,0.01369863
2,pu,b,0.23287671
2,pu,e,0.01369863
2,pu,l,0.10958904
2,pu,m,0.02739726
2,pu,n,0.04109589
2,pu,p,0.02739726
2,pu,r,0.16438356
2,pu,s,0.08219178
2,pu,t,0.24657534
2,pu,z,0.02739726
2,pv,c,1.00000000
2,py,</s>,0.50000000
2,py,i,0.08333333
2,py,r,0.25000000
2,py,t,0.08333333
2,py,w,0.08333333
2,pz,i,1.00000000
2,qa,t,1.00000000
2,qc,</s>,1.00000000
2,qi,</s>,1.00000000
2,ql,</s>,0.66666667
2,ql,d,0.33333333
2,qs,</s>,1.00000000
2,qt,</s>,0.50000000
2,qt,y,0.50000000
2,qu,a,0.27722772
2,qu,e,0.37623762
2,qu,i,0.30693069
2,qu,o,0.03960396
2,ra,</s>,0.03904924
2,ra,b,0.02037351
2,ra,c,0.10696095
2,ra,d,0.05772496
2,ra,e,0.00339559
2,ra,f,0.01018676
2,ra,g,0.03735144
2,ra,h,0.00679117
2,ra,i,0.06621392
2,ra,k,0.00339559
2,ra,l,0.07640068
2,ra,m,0.04244482
2,ra,n,0.15789474
2,ra,o,0.00339559
2,ra,p,0.05942275
2,ra,q,0.00339559
2,ra,r,0.02546689
2,ra,s,0.02716469
2,ra,t,0.19015280
2,ra,u,0.00509338
2,ra,v,0.02037351
2,ra,w,0.01358234
2,ra,y,0.01867572
2,ra,z,0.00509338
2,rb,</s>,0.12121212
2,rb,a,0.30303030
2,rb,e,0.06060606
2,rb,i,0.21212121
2,rb,l,0.03030303
2,rb,o,0.18181818
2,rb,s,0.03030303
2,rb,y,0.06060606
2,rc,</s>,0.07142857
2,rc,a,0.03571429
2,rc,e,0.26190476
2,rc,h,0.34523810
2,rc,i,0.05952381
2,rc,l,0.02380952
2,rc,o,0.02380952
2,rc,r,0.02380952
2,rc,t,0.02380952
2,rc,u,0.09523810
2,rc,y,0.03571429
2,rd,</s>,0.38759690
2,rd,a,0.05426357
2,rd,c,0.00775194
2,rd,e,0.17829457
2,rd,i,0.14728682
2,rd,l,0.02325581
2,rd,o,0.01550388
2,rd,p,0.00775194
2,rd,s,0.16279070
2,rd,w,0.01550388
2,re,</s>,0.13810484
2,re,a,0.10483871
2,re,b,0.00705645
2,re,c,0.07157258
2,re,d,0.08971774
2,re,e,0.04536290
2,re,f,0.03830645
2,re,g,0.02923387
2,re,h,0.00504032
2,re,i,0.00403226
2,re,j,0.00201613
2,re,k,0.00201613
2,re,l,0.04233871
2,re,m,0.03931452
2,re,n,0.05745968
2,re,o,0.00403226
2,re,p,0.04939516
2,re,q,0.01512097
2,re,r,0.00504032
2,re,s,0.16935484
2,re,t,0.03225806
2,re,u,0.00201613
2,re,v,0.02923387
2,re,w,0.01209677
2,re,y,0.00504032
2,rf,</s>,0.08000000
2,rf,a,0.20000000
2,rf,c,0.04000000
2,rf,e,0.12000000
2,rf,i,0.08000000
2,rf,l,0.04000000
2,rf,o,0.32000000
2,rf,u,0.12000000
2,rg,</s>,0.09333333
2,rg,a,0.22666667
2,rg,e,0.41333333
2,rg,h,0.02666667
2,rg,i,0.09333333
2,rg,o,0.04000000
2,rg,r,0.02666667
2,rg,u,0.05333333
2,rg,y,0.02666667
2,rh,</s>,0.14285714
2,rh,a,0.28571429
2,rh,e,0.14285714
2,rh,o,0.28571429
2,rh,y,0.14285714
2,ri,</s>,0.01426025
2,ri,a,0.08021390
2,ri,b,0.06060606
2,ri,c,0.10516934
2,ri,d,0.03743316
2,ri,e,0.12477718
2,ri,f,0.01247772
2,ri,g,0.02852050
2,ri,j,0.00178253
2,ri,k,0.00713012
2,ri,l,0.01782531
2,ri,m,0.02317291
2,ri,n,0.15686275
2,ri,o,0.04634581
2,ri,p,0.04278075
2,ri,s,0.08556150
2,ri,t,0.09090909
2,ri,u,0.00534759
2,ri,v,0.03565062
2,ri,x,0.00356506
2,ri,z,0.01960784
2,rj,</s>,1.00000000
2,rk,</s>,0.37704918
2,rk,a,0.03278689
2,rk,e,0.24590164
2,rk,f,0.03278689
2,rk,i,0.08196721
2,rk,n,0.01639344
2,rk,o,0.01639344
2,rk,p,0.01639344
2,rk,s,0.18032787
2,rl,</s>,0.16981132
2,rl,a,0.05660377
2,rl,d,0.07547170
2,rl,e,0.07547170
2,rl,f,0.01886792
2,rl,i,0.22641509
2,rl,o,0.05660377
2,rl,s,0.03773585
2,rl,y,0.28301887
2,rm,</s>,0.21100917
2,rm,a,0.26605505
2,rm,e,0.12844037
2,rm,f,0.00917431
2,rm,i,0.20183486
2,rm,o,0.05504587
2,rm,s,0.09174312
2,rm,u,0.01834862
2,rm,w,0.00917431
2,rm,y,0.00917431
2,rn,</s>,0.21649485
2,rn,a,0.22680412
2,rn,e,0.22680412
2,rn,i,0.18556701
2,rn,m,0.03092784
2,rn,o,0.04123711
2,rn,s,0.06185567
2,rn,w,0.01030928
2,ro,</s>,0.02941176
2,ro,a,0.03431373
2,ro,b,0.03921569
2,ro,c,0.05882353
2,ro,d,0.05637255
2,ro,e,0.00490196
2,ro,f,0.02205882
2,ro,g,0.03431373
2,ro,h,0.00245098
2,ro,i,0.00245098
2,ro,j,0.01470588
2,ro,k,0.01225490
2,ro,l,0.07107843
2,ro,m,0.06372549
2,ro,n,0.06372549
2,ro,o,0.04901961
2,ro,p,0.06862745
2,ro,r,0.02696078
2,ro,s,0.04901961
2,ro,t,0.04656863
2,ro,u,0.09558824
2,ro,v,0.06862745
2,ro,w,0.05392157
2,ro,x,0.01225490
2,ro,y,0.01470588
2,ro,z,0.00490196
2,rp,</s>,0.13888889
2,rp,e,0.05555556
2,rp,g,0.02777778
2,rp,h,0.02777778
2,rp,l,0.08333333
2,rp,m,0.02777778
2,rp,o,0.30555556
2,rp,r,0.22222222
2,rp,s,0.02777778
2,rp,t,0.05555556
2,rp,u,0.02777778
2,rq,u,1.00000000
2,rr,</s>,0.00877193
2,rr,a,0.17543860
2,rr,e,0.23684211
2,rr,i,0.28070175
2,rr,o,0.14035088
2,rr,p,0.00877193
2,rr,u,0.00877193
2,rr,y,0.14035088
2,rs,</s>,0.73831776
2,rs,a,0.01246106
2,rs,b,0.00311526
2,rs,c,0.00311526
2,rs,d,0.00311526
2,rs,e,0.07476636
2,rs,h,0.03738318
2,rs,i,0.03738318
2,rs,m,0.00311526
2,rs,o,0.04049844
2,rs,p,0.00623053
2,rs,s,0.00311526
2,rs,t,0.02180685
2,rs,u,0.01246106
2,rs,y,0.00311526
2,rt,</s>,0.20796460
2,rt,a,0.07079646
2,rt,c,0.00442478
2,rt,e,0.09734513
2,rt,f,0.00884956
2,rt,g,0.00884956
2,rt,h,0.08407080
2,rt,i,0.21238938
2,rt,l,0.02212389
2,rt,m,0.02212389
2,rt,n,0.01769912
2,rt,o,0.02212389
2,rt,r,0.01769912
2,rt,s,0.11504425
2,rt,u,0.05309735
2,rt,w,0.00442478
2,rt,y,0.03097345
2,ru,</s>,0.05102041
2,ru,a,0.01020408
2,ru,b,0.03061224
2,ru,c,0.22448980
2,ru,d,0.01020408
2,ru,e,0.01020408
2,ru,g,0.08163265
2,ru,i,0.06122449
2,ru,l,0.05102041
2,ru,m,0.10204082
2,ru,n,0.10204082
2,ru,p,0.02040816
2,ru,r,0.01020408
2,ru,s,0.19387755
2,ru,t,0.03061224
2,ru,z,0.01020408
2,rv,</s>,0.01960784
2,rv,a,0.21568627
2,rv,e,0.47058824
2,rv,i,0.25490196
2,rv,o,0.03921569
2,rw,</s>,0.16666667
2,rw,a,0.41666667
2,rw,e,0.25000000
2,rw,i,0.16666667
2,rx,</s>,1.00000000
2,ry,</s>,0.88741722
2,ry,a,0.01986755
2,ry,b,0.00662252
2,ry,d,0.00662252
2,ry,e,0.00662252
2,ry,i,0.01986755
2,ry,l,0.01324503
2,ry,o,0.00662252
2,ry,p,0.00662252
2,ry,s,0.01324503
2,ry,t,0.00662252
2,ry,w,0.00662252
2,rz,e,1.00000000
2,sa,</s>,0.07913669
2,sa,a,0.00719424
2,sa,b,0.02877698
2,sa,c,0.04316547
2,sa,d,0.02158273
2,sa,f,0.03597122
2,sa,g,0.07194245
2,sa,i,0.03597122
2,sa,k,0.00719424
2,sa,l,0.13669065
2,sa,m,0.06474820
2,sa,n,0.10071942
2,sa,o,0.00719424
2,sa,p,0.02158273
2,sa,r,0.05035971
2,sa,s,0.03597122
2,sa,t,0.10071942
2,sa,u,0.02877698
2,sa,v,0.07194245
2,sa,w,0.00719424
2,sa,y,0.04316547
2,sb,</s>,0.16666667
2,sb,a,0.16666667
2,sb,e,0.08333333
2,sb,i,0.16666667
2,sb,j,0.08333333
2,sb,n,0.08333333
2,sb,o,0.08333333
2,sb,u,0.16666667
2,sc,</s>,0.04285714
2,sc,a,0.12142857
2,sc,e,0.06428571
2,sc,h,0.12857143
2,sc,i,0.09285714
2,sc,l,0.04285714
2,sc,o,0.17142857
2,sc,r,0.25000000
2,sc,s,0.01428571
2,sc,u,0.07142857
2,sd,</s>,0.30000000
2,sd,a,0.50000000
2,sd,i,0.10000000
2,sd,o,0.10000000
2,se,</s>,0.22746781
2,se,a,0.05364807
2,se,b,0.00214592
2,se,c,0.04506438
2,se,d,0.09012876
2,se,e,0.03218884
2,se,f,0.00214592
2,se,g,0.00643777
2,se,h,0.00429185
2,se,l,0.06866953
2,se,m,0.02575107
2,se,n,0.10515021
2,se,o,0.00214592
2,se,p,0.01716738
2,se,q,0.01716738
2,se,r,0.10300429
2,se,s,0.11587983
2,se,t,0.03862661
2,se,u,0.00429185
2,se,v,0.00858369
2,se,w,0.00858369
2,se,x,0.01716738
2,se,y,0.00429185
2,sf,</s>,0.08333333
2,sf,a,0.16666667
2,sf,e,0.25000000
2,sf,i,0.08333333
2,sf,o,0.16666667
2,sf,u,0.16666667
2,sf,y,0.08333333
2,sg,</s>,0.28571429
2,sg,i,0.28571429
2,sg,o,0.14285714
2,sg,s,0.28571429
2,sh,</s>,0.22110553
2,sh,a,0.13567839
2,sh,e,0.15577889
2,sh,i,0.23115578
2,sh,l,0.01005025
2,sh,m,0.01005025
2,sh,o,0.21608040
2,sh,u,0.01507538
2,sh,v,0.00502513
2,si,</s>,0.00835655
2,si,a,0.03064067
2,si,b,0.03621170
2,si,c,0.05013928
2,si,d,0.06685237
2,si,e,0.01392758
2,si,f,0.00835655
2,si,g,0.08356546
2,si,l,0.02506964
2,si,m,0.03899721
2,si,n,0.14484680
2,si,o,0.20612813
2,si,p,0.00835655
2,si,r,0.01114206
2,si,s,0.08356546
2,si,t,0.12256267
2,si,u,0.00278552
2,si,v,0.04456825
2,si,x,0.00557103
2,si,z,0.00835655
2,sk,</s>,0.20000000
2,sk,a,0.11428571
2,sk,e,0.11428571
2,sk,i,0.31428571
2,sk,s,0.11428571
2,sk,t,0.05714286
2,sk,u,0.02857143
2,sk,y,0.05714286
2,sl,</s>,0.07843137
2,sl,a,0.29411765
2,sl,e,0.17647059
2,sl,i,0.19607843
2,sl,o,0.15686275
2,sl,y,0.09803922
2,sm,</s>,0.21621622
2,sm,a,0.18918919
2,sm,e,0.18918919
2,sm,i,0.18918919
2,sm,o,0.10810811
2,sm,s,0.08108108
2,sm,t,0.02702703
2,sn,</s>,0.30769231
2,sn,a,0.23076923
2,sn,e,0.23076923
2,sn,i,0.07692308
2,sn,o,0.15384615
2,so,</s>,0.02173913
2,so,a,0.01086957
2,so,c,0.07065217
2,so,d,0.01630435
2,so,f,0.03260870
2,so,i,0.00543478
2,so,l,0.15760870
2,so,m,0.06521739
2,so,n,0.32608696
2,so,o,0.01086957
2,so,p,0.01086957
2,so,r,0.15760870
2,so,t,0.00543478
2,so,u,0.09782609
2,so,v,0.00543478
2,so,x,0.00543478
2,sp,</s>,0.02500000
2,sp,a,0.14375000
2,sp,e,0.38125000
2,sp,h,0.01875000
2,sp,i,0.10625000
2,sp,l,0.03125000
2,sp,n,0.00625000
2,sp,o,0.20000000
2,sp,r,0.05625000
2,sp,s,0.00625000
2,sp,u,0.01250000
2,sp,y,0.01250000
2,sq,</s>,0.20000000
2,sq,l,0.40000000
2,sq,u,0.40000000
2,sr,</s>,0.28571429
2,sr,a,0.28571429
2,sr,c,0.14285714
2,sr,i,0.14285714
2,sr,o,0.14285714
2,ss,</s>,0.25291829
2,ss,a,0.06614786
2,ss,e,0.20622568
2,ss,f,0.00778210
2,ss,i,0.31517510
2,ss,l,0.00389105
2,ss,m,0.01167315
2,ss,n,0.00389105
2,ss,o,0.05447471
2,ss,p,0.00389105
2,ss,r,0.00389105
2,ss,u,0.05447471
2,ss,w,0.01167315
2,ss,y,0.00389105
2,st,</s>,0.19218750
2,st,a,0.17812500
2,st,b,0.00156250
2,st,c,0.00312500
2,st,d,0.00156250
2,st,e,0.14218750
2,st,h,0.00156250
2,st,i,0.12812500
2,st,l,0.00625000
2,st,m,0.00937500
2,st,o,0.08281250
2,st,p,0.00312500
2,st,r,0.16718750
2,st,s,0.04375000
2,st,u,0.02968750
2,st,y,0.00937500
2,su,</s>,0.00966184
2,su,a,0.02898551
2,su,b,0.15458937
2,su,c,0.02898551
2,su,d,0.01449275
2,su,e,0.02898551
2,su,f,0.02415459
2,su,g,0.03381643
2,su,i,0.04347826
2,su,l,0.06763285
2,su,m,0.07729469
2,su,n,0.04347826
2,su,p,0.11111111
2,su,r,0.25603865
2,su,s,0.07246377
2,su,z,0.00483092
2,sv,</s>,0.50000000
2,sv,i,0.50000000
2,sw,</s>,0.06896552
2,sw,a,0.13793103
2,sw,e,0.24137931
2,sw,i,0.41379310
2,sw,o,0.13793103
2,sy,</s>,0.20000000
2,sy,c,0.08571429
2,sy,d,0.02857143
2,sy,l,0.05714286
2,sy,m,0.20000000
2,sy,n,0.22857143
2,sy,r,0.05714286
2,sy,s,0.14285714
2,ta,</s>,0.05526316
2,ta,b,0.06842105
2,ta,c,0.04210526
2,ta,d,0.00526316
2,ta,f,0.00526316
2,ta,g,0.03947368
2,ta,h,0.00526316
2,ta,i,0.10000000
2,ta,k,0.02894737
2,ta,l,0.16052632
2,ta,m,0.02105263
2,ta,n,0.14473684
2,ta,p,0.00789474
2,ta,r,0.09736842
2,ta,s,0.01315789
2,ta,t,0.16842105
2,ta,u,0.00789474
2,ta,w,0.00263158
2,ta,x,0.01315789
2,ta,y,0.01315789
2,tb,</s>,0.10000000
2,tb,a,0.50000000
2,tb,o,0.40000000
2,tc,</s>,0.08333333
2,tc,a,0.05555556
2,tc,h,0.72222222
2,tc,o,0.05555556
2,tc,p,0.02777778
2,tc,u,0.02777778
2,tc,y,0.02777778
2,td,</s>,0.60000000
2,td,o,0.40000000
2,te,</s>,0.17484277
2,te,a,0.01761006
2,te,b,0.00251572
2,te,c,0.03396226
2,te,d,0.19119497
2,te,e,0.02264151
2,te,f,0.00125786
2,te,g,0.01509434
2,te,i,0.00377358
2,te,l,0.04276730
2,te,m,0.03270440
2,te,n,0.07295597
2,te,p,0.00503145
2,te,r,0.28176101
2,te,s,0.07672956
2,te,u,0.00125786
2,te,v,0.00503145
2,te,w,0.00377358
2,te,x,0.01509434
2,tf,</s>,0.16666667
2,tf,o,0.66666667
2,tf,t,0.16666667
2,tg,a,0.50000000
2,tg,o,0.25000000
2,tg,p,0.25000000
2,th,</s>,0.19531250
2,th,a,0.04687500
2,th,c,0.00390625
2,th,d,0.00781250
2,th,e,0.31250000
2,th,i,0.08984375
2,th,l,0.01562500
2,th,m,0.01562500
2,th,n,0.00390625
2,th,o,0.12109375
2,th,q,0.00390625
2,th,r,0.08593750
2,th,s,0.02343750
2,th,u,0.04296875
2,th,w,0.00781250
2,th,y,0.02343750
2,ti,</s>,0.00708502
2,ti,a,0.03036437
2,ti,b,0.00708502
2,ti,c,0.09109312
2,ti,d,0.00101215
2,ti,e,0.04149798
2,ti,f,0.02125506
2,ti,g,0.01113360
2,ti,l,0.01315789
2,ti,m,0.03441296
2,ti,n,0.14878543
2,ti,o,0.43421053
2,ti,p,0.00303644
2,ti,q,0.00303644
2,ti,r,0.00708502
2,ti,s,0.02834008
2,ti,t,0.03846154
2,ti,u,0.00303644
2,ti,v,0.07287449
2,ti,z,0.00303644
2,tk,</s>,0.50000000
2,tk,b,0.50000000
2,tl,</s>,0.01470588
2,tl,a,0.07352941
2,tl,e,0.39705882
2,tl,i,0.07352941
2,tl,o,0.01470588
2,tl,y,0.42647059
2,tm,</s>,0.07142857
2,tm,a,0.14285714
2,tm,e,0.57142857
2,tm,i,0.03571429
2,tm,l,0.07142857
2,tm,o,0.07142857
2,tm,p,0.03571429
2,tn,</s>,0.08333333
2,tn,a,0.16666667
2,tn,e,0.66666667
2,tn,i,0.08333333
2,to,</s>,0.05960265
2,to,b,0.01324503
2,to,c,0.02317881
2,to,d,0.01324503
2,to,e,0.00993377
2,to,g,0.02317881
2,to,i,0.00331126
2,to,k,0.00662252
2,to,l,0.01986755
2,to,m,0.08609272
2,to,n,0.14238411
2,to,o,0.04635762
2,to,p,0.04304636
2,to,r,0.39735099
2,to,s,0.02317881
2,to,t,0.01324503
2,to,u,0.03311258
2,to,w,0.02980132
2,to,x,0.00331126
2,to,y,0.00993377
2,tp,</s>,0.40000000
2,tp,a,0.10000000
2,tp,l,0.10000000
2,tp,o,0.10000000
2,tp,r,0.10000000
2,tp,u,0.20000000
2,tr,</s>,0.00849858
2,tr,a,0.38526912
2,tr,e,0.12747875
2,tr,i,0.22379603
2,tr,l,0.00283286
2,tr,o,0.11614731
2,tr,u,0.09915014
2,tr,y,0.03682720
2,ts,</s>,0.93406593
2,ts,b,0.00366300
2,ts,c,0.01831502
2,ts,e,0.00732601
2,ts,i,0.00366300
2,ts,m,0.00366300
2,ts,o,0.01098901
2,ts,t,0.00366300
2,ts,u,0.01098901
2,ts,w,0.00366300
2,tt,</s>,0.06611570
2,tt,a,0.09917355
2,tt,e,0.40495868
2,tt,h,0.00826446
2,tt,i,0.14049587
2,tt,l,0.09090909
2,tt,o,0.05785124
2,tt,p,0.00826446
2,tt,r,0.05785124
2,tt,s,0.03305785
2,tt,y,0.03305785
2,tu,</s>,0.00609756
2,tu,a,0.09146341
2,tu,b,0.01829268
2,tu,c,0.01829268
2,tu,d,0.08536585
2,tu,e,0.01829268
2,tu,f,0.01219512
2,tu,g,0.01219512
2,tu,i,0.01219512
2,tu,l,0.01219512
2,tu,m,0.03658537
2,tu,n,0.07317073
2,tu,p,0.02439024
2,tu,r,0.46951220
2,tu,s,0.01829268
2,tu,t,0.09146341
2,tv,</s>,0.60000000
2,tv,i,0.20000000
2,tv,s,0.20000000
2,tw,a,0.05882353
2,tw,e,0.29411765
2,tw,i,0.35294118
2,tw,o,0.29411765
2,tx,</s>,1.00000000
2,ty,</s>,0.89473684
2,ty,h,0.00751880
2,ty,l,0.04511278
2,ty,p,0.04511278
2,ty,s,0.00751880
2,tz,e,1.00000000
2,ua,</s>,0.04950495
2,ua,b,0.00990099
2,ua,d,0.02970297
2,ua,g,0.01980198
2,ua,k,0.00990099
2,ua,l,0.41584158
2,ua,m,0.00990099
2,ua,n,0.07920792
2,ua,r,0.16831683
2,ua,t,0.18811881
2,ua,y,0.01980198
2,ub,</s>,0.06944444
2,ub,a,0.06944444
2,ub,b,0.04166667
2,ub,c,0.01388889
2,ub,d,0.01388889
2,ub,e,0.05555556
2,ub,i,0.02777778
2,ub,j,0.04166667
2,ub,l,0.26388889
2,ub,m,0.08333333
2,ub,s,0.25000000
2,ub,t,0.02777778
2,ub,u,0.02777778
2,ub,y,0.01388889
2,uc,</s>,0.01136364
2,uc,a,0.05681818
2,uc,c,0.04545455
2,uc,e,0.18181818
2,uc,h,0.04545455
2,uc,i,0.05681818
2,uc,k,0.14772727
2,uc,l,0.01136364
2,uc,o,0.01136364
2,uc,s,0.01136364
2,uc,t,0.40909091
2,uc,y,0.01136364
2,ud,</s>,0.12500000
2,ud,a,0.05357143
2,ud,d,0.05357143
2,ud,e,0.30357143
2,ud,g,0.08928571
2,ud,i,0.25000000
2,ud,l,0.01785714
2,ud,s,0.03571429
2,ud,y,0.07142857
2,ue,</s>,0.35632184
2,ue,b,0.01149425
2,ue,d,0.04597701
2,ue,e,0.03448276
2,ue,l,0.03448276
2,ue,n,0.16091954
2,ue,r,0.05747126
2,ue,s,0.26436782
2,ue,t,0.02298851
2,ue,u,0.01149425
2,uf,</s>,0.06250000
2,uf,a,0.31250000
2,uf,f,0.56250000
2,uf,i,0.06250000
2,ug,</s>,0.12307692
2,ug,a,0.04615385
2,ug,b,0.01538462
2,ug,e,0.09230769
2,ug,g,0.12307692
2,ug,h,0.41538462
2,ug,i,0.03076923
2,ug,l,0.03076923
2,ug,o,0.03076923
2,ug,s,0.04615385
2,ug,u,0.04615385
2,uh,</s>,1.00000000
2,ui,</s>,0.05952381
2,ui,c,0.04761905
2,ui,d,0.08333333
2,ui,e,0.01190476
2,ui,l,0.13095238
2,ui,n,0.04761905
2,ui,p,0.02380952
2,ui,r,0.15476190
2,ui,s,0.14285714
2,ui,t,0.26190476
2,ui,v,0.01190476
2,ui,z,0.02380952
2,uj,i,1.00000000
2,uk,</s>,0.12500000
2,uk,e,0.50000000
2,uk,i,0.12500000
2,uk,o,0.12500000
2,uk,r,0.12500000
2,ul,</s>,0.13380282
2,ul,a,0.23943662
2,ul,d,0.03521127
2,ul,e,0.07746479
2,ul,f,0.00704225
2,ul,g,0.01408451
2,ul,i,0.04929577
2,ul,k,0.00704225
2,ul,l,0.11267606
2,ul,n,0.01408451
2,ul,o,0.00704225
2,ul,p,0.00704225
2,ul,s,0.02112676
2,ul,t,0.24647887
2,ul,u,0.01408451
2,ul,y,0.01408451
2,um,</s>,0.31818182
2,um,a,0.05454545
2,um,b,0.10909091
2,um,e,0.23636364
2,um,i,0.03636364
2,um,m,0.03636364
2,um,n,0.04545455
2,um,o,0.01818182
2,um,p,0.09090909
2,um,s,0.04545455
2,um,u,0.00909091
2,un,</s>,0.03478261
2,un,a,0.03043478
2,un,c,0.10000000
2,un,d,0.25217391
2,un,e,0.06086957
2,un,f,0.00434783
2,un,g,0.05217391
2,un,i,0.14782609
2,un,k,0.03043478
2,un,l,0.02173913
2,un,n,0.03478261
2,un,o,0.00434783
2,un,r,0.00434783
2,un,s,0.03913043
2,un,t,0.17391304
2,un,u,0.00434783
2,un,w,0.00434783
2,uo,</s>,0.14285714
2,uo,t,0.57142857
2,uo,u,0.28571429
2,up,</s>,0.19117647
2,up,a,0.04411765
2,up,c,0.02941176
2,up,d,0.05882353
2,up,e,0.10294118
2,up,g,0.04411765
2,up,i,0.04411765
2,up,l,0.08823529
2,up,o,0.04411765
2,up,p,0.25000000
2,up,r,0.01470588
2,up,s,0.05882353
2,up,t,0.02941176
2,uq,u,1.00000000
2,ur,</s>,0.06349206
2,ur,a,0.08571429
2,ur,b,0.01587302
2,ur,c,0.03492063
2,ur,d,0.00952381
2,ur,e,0.28888889
2,ur,f,0.01269841
2,ur,g,0.03809524
2,ur,h,0.00317460
2,ur,i,0.07301587
2,ur,k,0.00952381
2,ur,l,0.01269841
2,ur,m,0.00317460
2,ur,n,0.08888889
2,ur,o,0.01587302
2,ur,p,0.02539683
2,ur,r,0.04761905
2,ur,s,0.06984127
2,ur,t,0.03809524
2,ur,u,0.00952381
2,ur,v,0.02857143
2,ur,w,0.00634921
2,ur,y,0.01904762
2,us,</s>,0.28504673
2,us,a,0.02803738
2,us,b,0.00934579
2,us,c,0.01401869
2,us,d,0.00934579
2,us,e,0.17289720
2,us,g,0.00467290
2,us,h,0.03271028
2,us,i,0.09345794
2,us,l,0.03271028
2,us,n,0.00467290
2,us,p,0.02336449
2,us,r,0.00467290
2,us,s,0.05140187
2,us,t,0.21495327
2,us,u,0.01401869
2,us,y,0.00467290
2,ut,</s>,0.10989011
2,ut,a,0.03296703
2,ut,c,0.02197802
2,ut,d,0.01098901
2,ut,e,0.18681319
2,ut,h,0.11538462
2,ut,i,0.21428571
2,ut,l,0.03296703
2,ut,o,0.08791209
2,ut,p,0.01098901
2,ut,r,0.02197802
2,ut,s,0.06593407
2,ut,t,0.04945055
2,ut,u,0.02197802
2,ut,y,0.01648352
2,uu,m,1.00000000
2,uv,</s>,0.33333333
2,uv,e,0.66666667
2,uw,</s>,0.50000000
2,uw,a,0.50000000
2,ux,</s>,0.40000000
2,ux,e,0.40000000
2,ux,u,0.20000000
2,uy,</s>,0.25000000
2,uy,a,0.12500000
2,uy,e,0.25000000
2,uy,i,0.12500000
2,uy,s,0.25000000
2,uz,</s>,0.12500000
2,uz,b,0.12500000
2,uz,e,0.12500000
2,uz,u,0.12500000
2,uz,z,0.50000000
2,va,</s>,0.05172414
2,va,b,0.00862069
2,va,c,0.05172414
2,va,d,0.01724138
2,va,g,0.00862069
2,va,i,0.02586207
2,va,k,0.01724138
2,va,l,0.31034483
2,va,m,0.00862069
2,va,n,0.14655172
2,va,r,0.12931034
2,va,s,0.04310345
2,va,t,0.17241379
2,va,u,0.00862069
2,vb,</s>,0.50000000
2,vb,u,0.50000000
2,vc,</s>,0.75000000
2,vc,r,0.25000000
2,vd,</s>,0.66666667
2,vd,s,0.33333333
2,ve,</s>,0.26987952
2,ve,a,0.00722892
2,ve,c,0.00481928
2,ve,d,0.05542169
2,ve,g,0.01204819
2,ve,h,0.00481928
2,ve,i,0.00240964
2,ve,l,0.08433735
2,ve,m,0.01927711
2,ve,n,0.10843373
2,ve,r,0.29638554
2,ve,s,0.11807229
2,ve,t,0.00963855
2,ve,y,0.00722892
2,vg,</s>,1.00000000
2,vh,s,1.00000000
2,vi,</s>,0.00990099
2,vi,a,0.03960396
2,vi,c,0.07920792
2,vi,d,0.10891089
2,vi,e,0.11386139
2,vi,g,0.01485149
2,vi,i,0.00990099
2,vi,k,0.00495050
2,vi,l,0.07920792
2,vi,n,0.13861386
2,vi,o,0.05940594
2,vi,p,0.00495050
2,vi,r,0.05940594
2,vi,s,0.18316832
2,vi,t,0.07425743
2,vi,v,0.01980198
2,vo,</s>,0.01724138
2,vo,c,0.10344828
2,vo,i,0.13793103
2,vo,l,0.32758621
2,vo,n,0.05172414
2,vo,r,0.15517241
2,vo,t,0.10344828
2,vo,u,0.06896552
2,vo,y,0.03448276
2,vp,</s>,0.50000000
2,vp,n,0.50000000
2,vr,o,1.00000000
2,vs,</s>,0.75000000
2,vs,n,0.25000000
2,vt,</s>,1.00000000
2,vu,l,1.00000000
2,vx,</s>,1.00000000
2,vy,</s>,1.00000000
2,wa,</s>,0.02325581
2,wa,b,0.00775194
2,wa,g,0.03875969
2,wa,i,0.04651163
2,wa,k,0.00775194
2,wa,l,0.15503876
2,wa,n,0.08527132
2,wa,p,0.00775194
2,wa,r,0.34108527
2,wa,s,0.04651163
2,wa,t,0.09302326
2,wa,u,0.00775194
2,wa,v,0.03100775
2,wa,x,0.00775194
2,wa,y,0.09302326
2,wa,z,0.00775194
2,wb,</s>,0.25000000
2,wb,i,0.25000000
2,wb,o,0.50000000
2,wc,</s>,0.33333333
2,wc,a,0.66666667
2,wd,</s>,0.66666667
2,wd,e,0.33333333
2,we,</s>,0.01923077
2,we,a,0.09615385
2,we,b,0.13461538
2,we,d,0.10576923
2,we,e,0.08653846
2,we,g,0.00961538
2,we,i,0.04807692
2,we,l,0.12500000
2,we,n,0.03846154
2,we,r,0.22115385
2,we,s,0.09615385
2,we,t,0.00961538
2,we,v,0.00961538
2,wf,o,0.66666667
2,wf,u,0.33333333
2,wh,a,0.16666667
2,wh,e,0.46666667
2,wh,i,0.16666667
2,wh,o,0.16666667
2,wh,y,0.03333333
2,wi,</s>,0.01904762
2,wi,c,0.04761905
2,wi,d,0.09523810
2,wi,f,0.02857143
2,wi,k,0.03809524
2,wi,l,0.09523810
2,wi,m,0.01904762
2,wi,n,0.31428571
2,wi,r,0.05714286
2,wi,s,0.13333333
2,wi,t,0.12380952
2,wi,v,0.01904762
2,wi,z,0.00952381
2,wk,</s>,1.00000000
2,wl,</s>,0.11111111
2,wl,e,0.55555556
2,wl,i,0.11111111
2,wl,y,0.22222222
2,wm,</s>,0.33333333
2,wm,a,0.66666667
2,wn,</s>,0.56666667
2,wn,e,0.13333333
2,wn,l,0.16666667
2,wn,s,0.10000000
2,wn,t,0.03333333
2,wo,</s>,0.01666667
2,wo,l,0.01666667
2,wo,m,0.05000000
2,wo,n,0.06666667
2,wo,o,0.10000000
2,wo,r,0.70000000
2,wo,u,0.03333333
2,wo,w,0.01666667
2,wp,</s>,0.33333333
2,wp,i,0.33333333
2,wp,o,0.33333333
2,wr,</s>,0.05555556
2,wr,a,0.22222222
2,wr,e,0.11111111
2,wr,i,0.50000000
2,wr,o,0.11111111
2,ws,</s>,0.67741935
2,ws,e,0.09677419
2,ws,h,0.03225806
2,ws,i,0.03225806
2,ws,l,0.06451613
2,ws,p,0.06451613
2,ws,u,0.03225806
2,wt,</s>,0.16666667
2,wt,h,0.16666667
2,wt,i,0.16666667
2,wt,o,0.50000000
2,wu,</s>,1.00000000
2,wv,</s>,1.00000000
2,ww,</s>,0.66666667
2,ww,w,0.33333333
2,wx,</s>,1.00000000
2,wy,</s>,0.40000000
2,wy,e,0.40000000
2,wy,o,0.20000000
2,xa,c,0.11111111
2,xa,m,0.55555556
2,xa,n,0.16666667
2,xa,s,0.05555556
2,xa,t,0.11111111
2,xb,o,1.00000000
2,xc,e,0.47826087
2,xc,h,0.08695652
2,xc,i,0.13043478
2,xc,l,0.26086957
2,xc,u,0.04347826
2,xe,</s>,0.04166667
2,xe,c,0.25000000
2,xe,d,0.16666667
2,xe,l,0.08333333
2,xe,m,0.12500000
2,xe,r,0.16666667
2,xe,s,0.16666667
2,xf,o,1.00000000
2,xh,a,0.16666667
2,xh,i,0.66666667
2,xh,t,0.16666667
2,xi,</s>,0.08000000
2,xi,b,0.08000000
2,xi,c,0.12000000
2,xi,d,0.04000000
2,xi,e,0.04000000
2,xi,l,0.04000000
2,xi,m,0.16000000
2,xi,n,0.12000000
2,xi,s,0.24000000
2,xi,t,0.08000000
2,xl,</s>,1.00000000
2,xm,a,0.50000000
2,xm,l,0.50000000
2,xo,t,1.00000000
2,xp,</s>,0.03773585
2,xp,a,0.09433962
2,xp,e,0.41509434
2,xp,i,0.05660377
2,xp,l,0.22641509
2,xp,o,0.09433962
2,xp,r,0.07547170
2,xt,</s>,0.12903226
2,xt,b,0.06451613
2,xt,e,0.35483871
2,xt,h,0.03225806
2,xt,i,0.06451613
2,xt,r,0.22580645
2,xt,s,0.03225806
2,xt,u,0.09677419
2,xu,a,0.75000000
2,xu,r,0.12500000
2,xu,s,0.12500000
2,xy,</s>,0.66666667
2,xy,g,0.33333333
2,ya,</s>,0.11111111
2,ya,b,0.05555556
2,ya,c,0.05555556
2,ya,h,0.05555556
2,ya,l,0.16666667
2,ya,m,0.05555556
2,ya,n,0.33333333
2,ya,r,0.16666667
2,yb,a,0.22222222
2,yb,e,0.22222222
2,yb,o,0.44444444
2,yb,r,0.11111111
2,yc,</s>,0.07142857
2,yc,e,0.07142857
2,yc,h,0.21428571
2,yc,l,0.57142857
2,yc,o,0.07142857
2,yd,</s>,0.25000000
2,yd,a,0.25000000
2,yd,n,0.12500000
2,yd,r,0.37500000
2,ye,</s>,0.08510638
2,ye,a,0.12765957
2,ye,d,0.17021277
2,ye,e,0.04255319
2,ye,l,0.02127660
2,ye,m,0.02127660
2,ye,n,0.02127660
2,ye,r,0.34042553
2,ye,s,0.10638298
2,ye,t,0.04255319
2,ye,u,0.02127660
2,yg,e,0.50000000
2,yg,i,0.50000000
2,yh,o,1.00000000
2,yi,e,0.08333333
2,yi,n,0.91666667
2,yl,</s>,0.05882353
2,yl,a,0.11764706
2,yl,e,0.29411765
2,yl,i,0.23529412
2,yl,o,0.11764706
2,yl,u,0.11764706
2,yl,v,0.05882353
2,ym,</s>,0.04347826
2,ym,a,0.08695652
2,ym,b,0.08695652
2,ym,e,0.30434783
2,ym,o,0.17391304
2,ym,p,0.30434783
2,yn,</s>,0.18750000
2,yn,a,0.12500000
2,yn,c,0.06250000
2,yn,d,0.18750000
2,yn,e,0.06250000
2,yn,n,0.06250000
2,yn,o,0.12500000
2,yn,t,0.18750000
2,yo,</s>,0.14285714
2,yo,g,0.04761905
2,yo,m,0.04761905
2,yo,n,0.19047619
2,yo,r,0.14285714
2,yo,t,0.04761905
2,yo,u,0.38095238
2,yp,a,0.06666667
2,yp,e,0.26666667
2,yp,h,0.06666667
2,yp,i,0.20000000
2,yp,o,0.13333333
2,yp,r,0.06666667
2,yp,t,0.20000000
2,yr,</s>,0.09090909
2,yr,a,0.09090909
2,yr,i,0.54545455
2,yr,o,0.09090909
2,yr,s,0.09090909
2,yr,t,0.09090909
2,ys,</s>,0.48979592
2,ys,e,0.06122449
2,ys,i,0.18367347
2,ys,l,0.02040816
2,ys,p,0.02040816
2,ys,q,0.02040816
2,ys,t,0.20408163
2,yt,e,0.20000000
2,yt,h,0.50000000
2,yt,i,0.20000000
2,yt,o,0.10000000
2,yu,</s>,0.20000000
2,yu,e,0.20000000
2,yu,g,0.20000000
2,yu,k,0.20000000
2,yu,n,0.20000000
2,yw,a,0.28571429
2,yw,h,0.28571429
2,yw,o,0.42857143
2,yz,e,1.00000000
2,za,</s>,0.13636364
2,za,b,0.04545455
2,za,c,0.04545455
2,za,k,0.04545455
2,za,m,0.09090909
2,za,n,0.04545455
2,za,r,0.22727273
2,za,t,0.36363636
2,zb,e,1.00000000
2,zd,a,0.50000000
2,zd,n,0.50000000
2,ze,</s>,0.34090909
2,ze,a,0.02272727
2,ze,c,0.02272727
2,ze,d,0.25000000
2,ze,i,0.02272727
2,ze,n,0.15909091
2,ze,r,0.09090909
2,ze,s,0.06818182
2,ze,t,0.02272727
2,zi,l,0.40000000
2,zi,m,0.06666667
2,zi,n,0.40000000
2,zi,p,0.13333333
2,zl,e,1.00000000
2,zo,l,0.07692308
2,zo,n,0.69230769
2,zo,o,0.15384615
2,zo,p,0.07692308
2,zr,a,1.00000000
2,zs,h,1.00000000
2,zu,</s>,0.20000000
2,zu,e,0.20000000
2,zu,k,0.20000000
2,zu,m,0.20000000
2,zu,s,0.20000000
2,zy,</s>,0.75000000
2,zy,m,0.25000000
2,zz,</s>,0.28571429
2,zz,a,0.14285714
2,zz,e,0.14285714
2,zz,l,0.28571429
2,zz,y,0.14285714
