Date,Views
2021-08-22,10
2021-08-23,6
2021-08-24,53
2021-08-25,24
2021-08-26,16
2021-08-27,7
2021-08-28,5
2021-08-29,5
2021-08-30,12
2021-08-31,5
2021-09-01,1
2021-09-02,0
2021-09-03,1
2021-09-04,0
2021-09-05,0
2021-09-06,5
2021-09-07,1
2021-09-08,1
2021-09-09,0
2021-09-10,0
2021-09-11,0
2021-09-12,4
2021-09-13,2
2021-09-14,2
2021-09-15,0
2021-09-16,1
2021-09-17,2
2021-09-18,0
2021-09-19,3
2021-09-20,4
2021-09-21,1
2021-09-22,2
2021-09-23,22
2021-09-24,21
2021-09-25,5
2021-09-26,6
2021-09-27,4
2021-09-28,9
2021-09-29,2
2021-09-30,4
2021-10-01,2
2021-10-02,6
2021-10-03,9
2021-10-04,4
2021-10-05,3
2021-10-06,2
2021-10-07,11
2021-10-08,7
2021-10-09,5
2021-10-10,15
2021-10-11,17
2021-10-12,20
2021-10-13,16
2021-10-14,11
2021-10-15,16
2021-10-16,15
2021-10-17,41
2021-10-18,12
2021-10-19,56
2021-10-20,48
2021-10-21,89
2021-10-22,175
2021-10-23,159
2021-10-24,173
2021-10-25,99
2021-10-26,113
2021-10-27,94
2021-10-28,50
2021-10-29,69
2021-10-30,91
2021-10-31,75
2021-11-01,143
2021-11-02,100
2021-11-03,120
2021-11-04,299
2021-11-05,284
2021-11-06,295
2021-11-07,259
2021-11-08,90
2021-11-09,84
2021-11-10,169
2021-11-11,168
2021-11-12,112
2021-11-13,81
2021-11-14,37
2021-11-15,89
2021-11-16,83
2021-11-17,126
2021-11-18,231
2021-11-19,284
2021-11-20,132
2021-11-21,143
2021-11-22,221
2021-11-23,217
2021-11-24,140
2021-11-25,95
2021-11-26,76
2021-11-27,89
2021-11-28,124
2021-11-29,49
2021-11-30,40
2021-12-01,43
2021-12-02,80
2021-12-03,65
2021-12-04,50
2021-12-05,9
2021-12-06,6
2021-12-07,6
2021-12-08,13
2021-12-09,6
2021-12-10,4
2021-12-11,8
2021-12-12,4
2021-12-13,11
2021-12-14,3
2021-12-15,13
2021-12-16,5
2021-12-17,11
2021-12-18,4
2021-12-19,10
2021-12-20,5
2021-12-21,4
2021-12-22,4
2021-12-23,0
2021-12-24,7
2021-12-25,5
2021-12-26,5
2021-12-27,8
2021-12-28,5
2021-12-29,7
2021-12-30,5
2021-12-31,3
2022-01-01,5
2022-01-02,8
2022-01-03,1
2022-01-04,4
2022-01-05,5
2022-01-06,3
2022-01-07,4
2022-01-08,7
2022-01-09,1
2022-01-10,5
2022-01-11,3
2022-01-12,1
2022-01-13,2
2022-01-14,2
2022-01-15,12
2022-01-16,10
2022-01-17,2
2022-01-18,3
2022-01-19,4
2022-01-20,6
2022-01-21,4
2022-01-22,2
2022-01-23,10
2022-01-24,2
2022-01-25,2
2022-01-26,3
2022-01-27,0
2022-01-28,0
2022-01-29,6
2022-01-30,2
2022-01-31,2
2022-02-01,0
2022-02-02,2
2022-02-03,3
2022-02-04,2
2022-02-05,55
2022-02-06,160
2022-02-07,101
2022-02-08,38
2022-02-09,25
2022-02-10,23
2022-02-11,16
2022-02-12,4
2022-02-13,31
2022-02-14,42
2022-02-15,16
2022-02-16,20
2022-02-17,21
2022-02-18,6
2022-02-19,12
2022-02-20,10
2022-02-21,6
2022-02-22,12
2022-02-23,9
2022-02-24,7
2022-02-25,2
2022-02-26,8
2022-02-27,14
2022-02-28,9
2022-03-01,11
2022-03-02,8
2022-03-03,15
2022-03-04,21
2022-03-05,8
2022-03-06,12
2022-03-07,10
2022-03-08,11
2022-03-09,9
2022-03-10,18
2022-03-11,5
2022-03-12,1
2022-03-13,13
2022-03-14,6
2022-03-15,11
2022-03-16,4
2022-03-17,5
2022-03-18,3
2022-03-19,10
2022-03-20,4
2022-03-21,2
2022-03-22,4
2022-03-23,5
2022-03-24,8
2022-03-25,7
2022-03-26,5
2022-03-27,3
2022-03-28,3
2022-03-29,3
2022-03-30,2
2022-03-31,1
2022-04-01,8
2022-04-02,1
2022-04-03,7
2022-04-04,3
2022-04-05,5
2022-04-06,9
2022-04-07,8
2022-04-08,8
2022-04-09,9
2022-04-10,4
2022-04-11,15
2022-04-12,9
2022-04-13,34
2022-04-14,15
2022-04-15,16
2022-04-16,16
2022-04-17,15
2022-04-18,16
2022-04-19,17
2022-04-20,9
2022-04-21,6
2022-04-22,3
2022-04-23,3
2022-04-24,2
2022-04-25,5
2022-04-26,10
2022-04-27,9
2022-04-28,5
2022-04-29,3
2022-04-30,3
2022-05-01,2
2022-05-02,13
2022-05-03,8
2022-05-04,5
2022-05-05,6
2022-05-06,3
2022-05-07,6
2022-05-08,9
2022-05-09,3
2022-05-10,2
2022-05-11,1
2022-05-12,6
2022-05-13,1
2022-05-14,4
2022-05-15,4
2022-05-16,5
2022-05-17,5
2022-05-18,2
2022-05-19,8
2022-05-20,9
2022-05-21,5
2022-05-22,35
2022-05-23,10
2022-05-24,9
2022-05-25,12
2022-05-26,4
2022-05-27,2
2022-05-28,2
2022-05-29,5
2022-05-30,5
2022-05-31,5
2022-06-01,5
2022-06-02,3
2022-06-03,2
2022-06-04,4
2022-06-05,2
2022-06-06,3
2022-06-07,4
2022-06-08,6
2022-06-09,16
2022-06-10,11
2022-06-11,2
2022-06-12,4
2022-06-13,5
2022-06-14,7
2022-06-15,5
2022-06-16,5
2022-06-17,9
2022-06-18,4
2022-06-19,1
2022-06-20,2
2022-06-21,3
2022-06-22,10
2022-06-23,3
2022-06-24,2
2022-06-25,2
2022-06-26,5
2022-06-27,7
2022-06-28,2
2022-06-29,3
2022-06-30,4
2022-07-01,0
2022-07-02,3
2022-07-03,9
2022-07-04,12
2022-07-05,0
2022-07-06,4
2022-07-07,4
2022-07-08,7
2022-07-09,5
2022-07-10,8
2022-07-11,3
2022-07-12,5
2022-07-13,3
2022-07-14,0
2022-07-15,6
2022-07-16,3
2022-07-17,1
2022-07-18,3
2022-07-19,2
2022-07-20,4
2022-07-21,4
2022-07-22,3
2022-07-23,7
2022-07-24,2
2022-07-25,2
2022-07-26,4
2022-07-27,3
2022-07-28,0
2022-07-29,4
2022-07-30,2
2022-07-31,0
2022-08-01,1
2022-08-02,1
2022-08-03,3
2022-08-04,8
2022-08-05,6
2022-08-06,7
2022-08-07,7
2022-08-08,13
2022-08-09,8
2022-08-10,5
2022-08-11,32
2022-08-12,29
2022-08-13,8
2022-08-14,9
2022-08-15,41
2022-08-16,67
2022-08-17,90
2022-08-18,124
2022-08-19,170
2022-08-20,350
2022-08-21,397
2022-08-22,371
2022-08-23,2404
2022-08-24,3681
2022-08-25,5907
2022-08-26,22079
2022-08-27,27767
2022-08-28,28195
2022-08-29,26309
2022-08-30,19002
2022-08-31,11710
2022-09-01,14487
2022-09-02,14250
2022-09-03,8130
2022-09-04,11579
2022-09-05,14369
2022-09-06,14873
2022-09-07,19664
2022-09-08,20297
2022-09-09,47631
2022-09-10,56644
2022-09-11,49536
2022-09-12,62759
2022-09-13,52828
2022-09-14,54046
2022-09-15,39983
2022-09-16,57750
2022-09-17,50527
2022-09-18,33567
2022-09-19,27816
2022-09-20,18839
2022-09-21,19709
2022-09-22,13216
2022-09-23,10160
2022-09-24,9922
2022-09-25,5731
2022-09-26,3916
2022-09-27,2984
2022-09-28,2694
2022-09-29,2047
2022-09-30,4146
2022-10-01,14120
2022-10-02,26290
2022-10-03,19223
2022-10-04,10219
2022-10-05,8482
2022-10-06,9221
2022-10-07,8422
2022-10-08,8022
2022-10-09,9355
2022-10-10,9863
2022-10-11,8096
2022-10-12,8774
2022-10-13,10512
2022-10-14,9554
2022-10-15,9176
2022-10-16,9923
2022-10-17,6021
2022-10-18,5588
2022-10-19,5848
2022-10-20,7523
2022-10-21,10567
2022-10-22,8611
2022-10-23,12451
2022-10-24,9515
2022-10-25,5731
2022-10-26,6970
2022-10-27,6413
2022-10-28,7144
2022-10-29,6269
2022-10-30,6003
2022-10-31,2384
2022-11-01,1373
2022-11-02,751
2022-11-03,660
2022-11-04,430
2022-11-05,402
2022-11-06,470
2022-11-07,259
2022-11-08,462
2022-11-09,263
2022-11-10,352
2022-11-11,340
2022-11-12,362
2022-11-13,490
2022-11-14,408
2022-11-15,541
2022-11-16,619
2022-11-17,1099
2022-11-18,2185
2022-11-19,2634
2022-11-20,3069
2022-11-21,2332
2022-11-22,2763
2022-11-23,2622
2022-11-24,2180
2022-11-25,2966
2022-11-26,6214
2022-11-27,3974
2022-11-28,4256
2022-11-29,5307
2022-11-30,7595
2022-12-01,7953
2022-12-02,4642
2022-12-03,4161
2022-12-04,4593
2022-12-05,3393
2022-12-06,3893
2022-12-07,4428
2022-12-08,4610
2022-12-09,3224
2022-12-10,867
2022-12-11,632
2022-12-12,560
2022-12-13,339
2022-12-14,341
2022-12-15,228
2022-12-16,230
2022-12-17,272
2022-12-18,249
2022-12-19,367
2022-12-20,224
2022-12-21,98
2022-12-22,126
2022-12-23,183
2022-12-24,149
2022-12-25,94
2022-12-26,92
2022-12-27,155
2022-12-28,131
2022-12-29,137
2022-12-30,121
2022-12-31,82
2023-01-01,98
2023-01-02,103
2023-01-03,130
2023-01-04,127
2023-01-05,117
2023-01-06,109
2023-01-07,112
2023-01-08,89
2023-01-09,69
2023-01-10,82
2023-01-11,76
2023-01-12,81
2023-01-13,88
2023-01-14,97
2023-01-15,86
2023-01-16,81
2023-01-17,75
2023-01-18,72
2023-01-19,72
2023-01-20,1462
2023-01-21,1380
2023-01-22,2537
2023-01-23,3410
2023-01-24,10726
2023-01-25,44108
2023-01-26,31101
2023-01-27,28559
2023-01-28,39593
2023-01-29,38362
2023-01-30,23973
2023-01-31,22315
2023-02-01,19160
2023-02-02,18427
2023-02-03,16761
2023-02-04,21977
2023-02-05,35027
2023-02-06,58061
2023-02-07,67892
2023-02-08,49221
2023-02-09,85506
2023-02-10,62984
2023-02-11,41397
2023-02-12,32993
2023-02-13,26650
2023-02-14,26307
2023-02-15,20398
2023-02-16,16901
2023-02-17,17175
2023-02-18,16173
2023-02-19,11562
2023-02-20,10054
2023-02-21,9954
2023-02-22,9135
2023-02-23,11178
2023-02-24,8203
2023-02-25,7722
2023-02-26,7028
2023-02-27,6462
2023-02-28,6440
2023-03-01,5946
2023-03-02,4525
2023-03-03,4624
2023-03-04,4893
2023-03-05,4189
2023-03-06,4146
2023-03-07,5198
2023-03-08,8586
2023-03-09,12463
2023-03-10,10689
2023-03-11,12155
2023-03-12,12573
2023-03-13,12438
2023-03-14,13208
2023-03-15,13516
2023-03-16,11247
2023-03-17,11169
2023-03-18,10689
2023-03-19,13008
2023-03-20,13516
2023-03-21,17544
2023-03-22,19560
2023-03-23,21161
2023-03-24,25812
2023-03-25,27535
2023-03-26,24685
2023-03-27,18299
2023-03-28,16291
2023-03-29,17118
2023-03-30,17950
2023-03-31,18898
2023-04-01,18804
2023-04-02,18262
2023-04-03,14632
2023-04-04,16593
2023-04-05,27138
2023-04-06,25696
2023-04-07,26065
2023-04-08,25351
2023-04-09,23873
2023-04-10,19272
2023-04-11,15330
2023-04-12,9854
2023-04-13,8352
2023-04-14,9886
2023-04-15,7528
2023-04-16,9320
2023-04-17,8697
2023-04-18,6583
2023-04-19,5207
2023-04-20,4364
2023-04-21,5069
2023-04-22,5430
2023-04-23,6323
2023-04-24,7050
2023-04-25,4792
2023-04-26,3127
2023-04-27,3257
2023-04-28,3533
2023-04-29,3224
2023-04-30,3636
2023-05-01,4570
2023-05-02,4188
2023-05-03,5157
2023-05-04,6300
2023-05-05,8470
2023-05-06,12516
2023-05-07,7109
2023-05-08,4021
2023-05-09,3142
2023-05-10,2959
2023-05-11,3008
2023-05-12,2308
2023-05-13,2204
2023-05-14,2428
2023-05-15,2428
2023-05-16,2550
2023-05-17,2794
2023-05-18,3294
2023-05-19,3920
2023-05-20,4678
2023-05-21,4553
2023-05-22,5399
2023-05-23,7757
2023-05-24,9575
2023-05-25,12518
2023-05-26,12160
2023-05-27,13108
2023-05-28,11392
2023-05-29,11795
2023-05-30,7550
2023-05-31,7955
2023-06-01,7715
2023-06-02,7927
2023-06-03,7994
2023-06-04,8208
2023-06-05,7382
2023-06-06,7643
2023-06-07,7884
2023-06-08,8417
2023-06-09,7286
2023-06-10,7814
2023-06-11,9106
2023-06-12,8301
2023-06-13,8475
2023-06-14,9180
2023-06-15,9611
2023-06-16,9436
2023-06-17,6000
2023-06-18,5561
2023-06-19,4104
2023-06-20,2708
2023-06-21,1507
2023-06-22,1183
2023-06-23,1166
2023-06-24,1108
2023-06-25,1181
2023-06-26,1490
2023-06-27,1332
2023-06-28,1455
2023-06-29,1292
2023-06-30,1160
2023-07-01,1079
2023-07-02,1316
2023-07-03,1283
2023-07-04,1159
2023-07-05,934
2023-07-06,838
2023-07-07,748
2023-07-08,759
2023-07-09,886
2023-07-10,768
2023-07-11,813
2023-07-12,749
2023-07-13,676
2023-07-14,856
2023-07-15,946
2023-07-16,929
2023-07-17,908
2023-07-18,863
2023-07-19,874
2023-07-20,724
2023-07-21,618
2023-07-22,559
2023-07-23,759
2023-07-24,708
2023-07-25,617
2023-07-26,587
2023-07-27,489
2023-07-28,486
2023-07-29,602
2023-07-30,523
2023-07-31,497
2023-08-01,511
2023-08-02,525
2023-08-03,595
2023-08-04,643
2023-08-05,584
2023-08-06,605
2023-08-07,606
2023-08-08,533
2023-08-09,1665
2023-08-10,5203
2023-08-11,8383
2023-08-12,8043
2023-08-13,14333
2023-08-14,10238
2023-08-15,28064
2023-08-16,35173
2023-08-17,23179
2023-08-18,13001
2023-08-19,11799
2023-08-20,10359
2023-08-21,9439
2023-08-22,4847
2023-08-23,4168
2023-08-24,4457
2023-08-25,4031
2023-08-26,4066
2023-08-27,4663
2023-08-28,4739
2023-08-29,4774
2023-08-30,5243
2023-08-31,6744
2023-09-01,6358
2023-09-02,6444
2023-09-03,6518
2023-09-04,5951
2023-09-05,6449
2023-09-06,5852
2023-09-07,5014
2023-09-08,4133
2023-09-09,5281
2023-09-10,5328
2023-09-11,5694
2023-09-12,5376
2023-09-13,4901
2023-09-14,3398
2023-09-15,3294
2023-09-16,4788
2023-09-17,4908
2023-09-18,3466
2023-09-19,3353
2023-09-20,3235
2023-09-21,2657
2023-09-22,3104
2023-09-23,2539
2023-09-24,3459
2023-09-25,3533
2023-09-26,3165
2023-09-27,4911
2023-09-28,6573
2023-09-29,8505
2023-09-30,7541
2023-10-01,9234
2023-10-02,9608
2023-10-03,12069
2023-10-04,11820
2023-10-05,10928
2023-10-06,8416
2023-10-07,6175
2023-10-08,7723
2023-10-09,5394
2023-10-10,6430
2023-10-11,6298
2023-10-12,6695
2023-10-13,6779
2023-10-14,6900
2023-10-15,8104
2023-10-16,8693
2023-10-17,9878
2023-10-18,9770
2023-10-19,8628
2023-10-20,7115
2023-10-21,8778
2023-10-22,9758
2023-10-23,8221
2023-10-24,13426
2023-10-25,8372
2023-10-26,9748
2023-10-27,6468
2023-10-28,8745
2023-10-29,8797
2023-10-30,8970
2023-10-31,11937
2023-11-01,12272
2023-11-02,11995
2023-11-03,10522
2023-11-04,9327
2023-11-05,9953
2023-11-06,9220
2023-11-07,6485
2023-11-08,5207
2023-11-09,3886
2023-11-10,4383
2023-11-11,3643
2023-11-12,3392
2023-11-13,3158
2023-11-14,3500
2023-11-15,4729
2023-11-16,4401
2023-11-17,5121
2023-11-18,4791
2023-11-19,6025
2023-11-20,6965
2023-11-21,7695
2023-11-22,9591
2023-11-23,7828
2023-11-24,7712
2023-11-25,9758
2023-11-26,7922
2023-11-27,8861
2023-11-28,7389
2023-11-29,6644
2023-11-30,5079
2023-12-01,5443
2023-12-02,5860
2023-12-03,6410
2023-12-04,6529
2023-12-05,6971
2023-12-06,6894
2023-12-07,5359
2023-12-08,5534
2023-12-09,4479
2023-12-10,5306
2023-12-11,5032
2023-12-12,4678
2023-12-13,4162
2023-12-14,4581
2023-12-15,4251
2023-12-16,4223
2023-12-17,4394
2023-12-18,4947
2023-12-19,4116
2023-12-20,3967
2023-12-21,4421
2023-12-22,4763
2023-12-23,3999
2023-12-24,4003
2023-12-25,5617
2023-12-26,8067
2023-12-27,15480
2023-12-28,19027
2023-12-29,15812
2023-12-30,11940
2023-12-31,10870
2024-01-01,12830
2024-01-02,11161
2024-01-03,11026
2024-01-04,8759
2024-01-05,8047
2024-01-06,7908
2024-01-07,7157
2024-01-08,6384
2024-01-09,7644
2024-01-10,8710
2024-01-11,11403
2024-01-12,11552
2024-01-13,11216
2024-01-14,8313
2024-01-15,6182
2024-01-16,5431
2024-01-17,4597
2024-01-18,2757
2024-01-19,2511
2024-01-20,2089
2024-01-21,1692
2024-01-22,1649
2024-01-23,1534
2024-01-24,1719
2024-01-25,1690
2024-01-26,1347
2024-01-27,1550
2024-01-28,1688
2024-01-29,1718
2024-01-30,1600
2024-01-31,1645
2024-02-01,1553
2024-02-02,1496
2024-02-03,1952
2024-02-04,1720
2024-02-05,1568
2024-02-06,1372
2024-02-07,1507
2024-02-08,1606
2024-02-09,1584
2024-02-10,1082
2024-02-11,1102
2024-02-12,1102
2024-02-13,1157
2024-02-14,1448
2024-02-15,1534
2024-02-16,1466
2024-02-17,1953
2024-02-18,2898
2024-02-19,1846
2024-02-20,4086
2024-02-21,6108
2024-02-22,2305
2024-02-23,1642
2024-02-24,1613
2024-02-25,1907
2024-02-26,1549
2024-02-27,1502
2024-02-28,1168
2024-02-29,1020
2024-03-01,1036
2024-03-02,956
2024-03-03,924
2024-03-04,1162
2024-03-05,973
2024-03-06,873
2024-03-07,834
2024-03-08,804
2024-03-09,760
2024-03-10,884
2024-03-11,1051
2024-03-12,1016
2024-03-13,995
2024-03-14,934
2024-03-15,865
2024-03-16,948
2024-03-17,1035
2024-03-18,985
2024-03-19,1076
2024-03-20,1276
2024-03-21,1219
2024-03-22,914
2024-03-23,1138
2024-03-24,1306
2024-03-25,1166
2024-03-26,1030
2024-03-27,877
2024-03-28,814
2024-03-29,689
2024-03-30,517
2024-03-31,630
2024-04-01,790
2024-04-02,1016
2024-04-03,768
2024-04-04,826
2024-04-05,864
2024-04-06,1100
2024-04-07,996
2024-04-08,1048
2024-04-09,1388
2024-04-10,1674
2024-04-11,1549
2024-04-12,1796
2024-04-13,1420
2024-04-14,1476
2024-04-15,1307
2024-04-16,1218
2024-04-17,1253
2024-04-18,1482
2024-04-19,1533
2024-04-20,1446
2024-04-21,1642
2024-04-22,1384
2024-04-23,1574
2024-04-24,1601
2024-04-25,1874
2024-04-26,2047
2024-04-27,2639
2024-04-28,3312
2024-04-29,2509
2024-04-30,2002
2024-05-01,2034
2024-05-02,1829
2024-05-03,1769
2024-05-04,1822
2024-05-05,1896
2024-05-06,2064
2024-05-07,2065
2024-05-08,1590
2024-05-09,1456
2024-05-10,1418
2024-05-11,13483
2024-05-12,20512
2024-05-13,15203
2024-05-14,9069
2024-05-15,6873
2024-05-16,5771
2024-05-17,5883
2024-05-18,5786
2024-05-19,4664
2024-05-20,3209
2024-05-21,3396
2024-05-22,2975
2024-05-23,2827
2024-05-24,3348
2024-05-25,3740
2024-05-26,3148
2024-05-27,2210
2024-05-28,2196
2024-05-29,2040
2024-05-30,2315
2024-05-31,2398
2024-06-01,2111
2024-06-02,2024
2024-06-03,1609
2024-06-04,1530
2024-06-05,1462
2024-06-06,1610
2024-06-07,1560
2024-06-08,1731
2024-06-09,1492
2024-06-10,1361
2024-06-11,1027
2024-06-12,967
2024-06-13,993
2024-06-14,982
2024-06-15,861
2024-06-16,1132
2024-06-17,1327
2024-06-18,1533
2024-06-19,1482
2024-06-20,1571
2024-06-21,1470
2024-06-22,1645
2024-06-23,1764
2024-06-24,1596
2024-06-25,1472
2024-06-26,1460
2024-06-27,1432
2024-06-28,1302
2024-06-29,1349
2024-06-30,1110
2024-07-01,1033
2024-07-02,979
2024-07-03,1160
2024-07-04,948
2024-07-05,1012
2024-07-06,977
2024-07-07,923
2024-07-08,935
2024-07-09,992
2024-07-10,1310
2024-07-11,995
2024-07-12,1158
2024-07-13,842
2024-07-14,777
2024-07-15,891
2024-07-16,712
2024-07-17,756
2024-07-18,629
2024-07-19,619
2024-07-20,516
2024-07-21,675
2024-07-22,743
2024-07-23,607
2024-07-24,691
2024-07-25,638
2024-07-26,579
2024-07-27,479
2024-07-28,510
2024-07-29,539
2024-07-30,638
2024-07-31,595
2024-08-01,639
2024-08-02,580
2024-08-03,575
2024-08-04,601
2024-08-05,581
2024-08-06,551
2024-08-07,504
2024-08-08,539
2024-08-09,471
2024-08-10,483
2024-08-11,560
2024-08-12,605
2024-08-13,533
2024-08-14,549
2024-08-15,598
2024-08-16,543
2024-08-17,520
2024-08-18,648
2024-08-19,12922
2024-08-20,21086
2024-08-21,9350
2024-08-22,5457
2024-08-23,6233
2024-08-24,6071
2024-08-25,4831
2024-08-26,4146
2024-08-27,3857
2024-08-28,2943
2024-08-29,2651
2024-08-30,2292
2024-08-31,2907
2024-09-01,2749
2024-09-02,3029
2024-09-03,2481
2024-09-04,2049
2024-09-05,1991
2024-09-06,1647
2024-09-07,1451
2024-09-08,1816
2024-09-09,2058
2024-09-10,1877
2024-09-11,1852
2024-09-12,1535
2024-09-13,1374
2024-09-14,1326
2024-09-15,1365
2024-09-16,1262
2024-09-17,1170
2024-09-18,1133
2024-09-19,1011
2024-09-20,993
2024-09-21,925
2024-09-22,1122
2024-09-23,1171
2024-09-24,942
2024-09-25,992
2024-09-26,867
2024-09-27,850
2024-09-28,876
2024-09-29,873
2024-09-30,731
2024-10-01,914
2024-10-02,1077
2024-10-03,1125
2024-10-04,1157
2024-10-05,2055
2024-10-06,1848
2024-10-07,2032
2024-10-08,1496
2024-10-09,1339
2024-10-10,1455
2024-10-11,1215
2024-10-12,1297
2024-10-13,1658
2024-10-14,1591
2024-10-15,1441
2024-10-16,1732
2024-10-17,1947
2024-10-18,1639
2024-10-19,1329
2024-10-20,1569
2024-10-21,1516
2024-10-22,1464
2024-10-23,1180
2024-10-24,1102
2024-10-25,1295
2024-10-26,1193
2024-10-27,1360
2024-10-28,1605
2024-10-29,1491
2024-10-30,2126
2024-10-31,1798
2024-11-01,1857
2024-11-02,1583
2024-11-03,1684
2024-11-04,1704
2024-11-05,1505
2024-11-06,1693
2024-11-07,1362
2024-11-08,1079
2024-11-09,1071
2024-11-10,1092
2024-11-11,1318
2024-11-12,1506
2024-11-13,1484
2024-11-14,1714
2024-11-15,1934
2024-11-16,1834
2024-11-17,2028
2024-11-18,1507
2024-11-19,1665
2024-11-20,1540
2024-11-21,1274
2024-11-22,930
2024-11-23,1113
2024-11-24,1378
2024-11-25,1254
2024-11-26,1074
2024-11-27,996
2024-11-28,854
2024-11-29,908
2024-11-30,1256
2024-12-01,1279
2024-12-02,1210
2024-12-03,1382
2024-12-04,1343
2024-12-05,1156
2024-12-06,918
2024-12-07,819
2024-12-08,844
2024-12-09,747
2024-12-10,760
2024-12-11,727
2024-12-12,734
2024-12-13,733
2024-12-14,840
2024-12-15,825
2024-12-16,859
2024-12-17,774
2024-12-18,729
2024-12-19,890
2024-12-20,702
2024-12-21,665
2024-12-22,621
2024-12-23,774
2024-12-24,657
2024-12-25,726
2024-12-26,742
2024-12-27,798
2024-12-28,950
2024-12-29,993
2024-12-30,995
2024-12-31,690
2025-01-01,961
2025-01-02,990
2025-01-03,771
2025-01-04,783
2025-01-05,816
2025-01-06,778
2025-01-07,786
2025-01-08,691
2025-01-09,628
2025-01-10,637
2025-01-11,653
2025-01-12,664
2025-01-13,709
2025-01-14,710
2025-01-15,655
2025-01-16,724
2025-01-17,717
2025-01-18,773
2025-01-19,666
2025-01-20,762
2025-01-21,766
2025-01-22,659
2025-01-23,643
2025-01-24,577
2025-01-25,622
2025-01-26,615
2025-01-27,573
2025-01-28,648
2025-01-29,611
2025-01-30,608
2025-01-31,665
2025-02-01,642
2025-02-02,712
2025-02-03,658
2025-02-04,745
2025-02-05,540
2025-02-06,694
2025-02-07,520
2025-02-08,522
2025-02-09,609
2025-02-10,633
2025-02-11,541
2025-02-12,497
2025-02-13,526
2025-02-14,507
2025-02-15,549
2025-02-16,549
2025-02-17,578
2025-02-18,692
2025-02-19,642
2025-02-20,587
2025-02-21,714
2025-02-22,785
2025-02-23,996
2025-02-24,1057
2025-02-25,1023
2025-02-26,1154
2025-02-27,1056
2025-02-28,967
2025-03-01,977
2025-03-02,855
2025-03-03,820
2025-03-04,755
2025-03-05,688
2025-03-06,645
2025-03-07,708
2025-03-08,878
2025-03-09,805
2025-03-10,887
2025-03-11,929
2025-03-12,1077
2025-03-13,1425
2025-03-14,2103
2025-03-15,2312
2025-03-16,24322
2025-03-17,81649
2025-03-18,62790
2025-03-19,33040
2025-03-20,21152
2025-03-21,20047
2025-03-22,18115
2025-03-23,16285
2025-03-24,15857
2025-03-25,14647
2025-03-26,12538
2025-03-27,11877
2025-03-28,10072
2025-03-29,9969
2025-03-30,8547
2025-03-31,6776
2025-04-01,6293
2025-04-02,6535
2025-04-03,6015
2025-04-04,4890
2025-04-05,5089
2025-04-06,5692
2025-04-07,4929
2025-04-08,4940
2025-04-09,3992
2025-04-10,3709
2025-04-11,3378
2025-04-12,3872
2025-04-13,4044
2025-04-14,3036
2025-04-15,2629
2025-04-16,2899
2025-04-17,3522
2025-04-18,4867
2025-04-19,8550
2025-04-20,7882
2025-04-21,7700
2025-04-22,6752
2025-04-23,6293
2025-04-24,5561
2025-04-25,4989
2025-04-26,4822
2025-04-27,5264
2025-04-28,4519
2025-04-29,4388
2025-04-30,4853
2025-05-01,6344
2025-05-02,6751
2025-05-03,6911
2025-05-04,6412
2025-05-05,6382
2025-05-06,6594
2025-05-07,6912
2025-05-08,6543
2025-05-09,5258
2025-05-10,4951
2025-05-11,5373
2025-05-12,5113
2025-05-13,4491
2025-05-14,4651
2025-05-15,4846
2025-05-16,3784
2025-05-17,3785
2025-05-18,3616
2025-05-19,3752
2025-05-20,3251
2025-05-21,3458
2025-05-22,3150
2025-05-23,2904
2025-05-24,3148
2025-05-25,3381
2025-05-26,3284
2025-05-27,3419
2025-05-28,2475
2025-05-29,2178
2025-05-30,2807
2025-05-31,3475
2025-06-01,3379
2025-06-02,3413
2025-06-03,4562
2025-06-04,4578
2025-06-05,4436
2025-06-06,3888
2025-06-07,4333
2025-06-08,4875
2025-06-09,4737
2025-06-10,4018
2025-06-11,3588
2025-06-12,2774
2025-06-13,2805
2025-06-14,2820
2025-06-15,2514
2025-06-16,2715
2025-06-17,2721
2025-06-18,2204
2025-06-19,2252
2025-06-20,1963
2025-06-21,2182
2025-06-22,2717
2025-06-23,2502
2025-06-24,2073
2025-06-25,1711
2025-06-26,2270
2025-06-27,1430
2025-06-28,1689
2025-06-29,2014
2025-06-30,1839
2025-07-01,1841
2025-07-02,1935
2025-07-03,1938
2025-07-04,1837
2025-07-05,2016
2025-07-06,2347
2025-07-07,2843
2025-07-08,3242
2025-07-09,3321
2025-07-10,3000
2025-07-11,2604
2025-07-12,2900
2025-07-13,2779
2025-07-14,2531
2025-07-15,2589
2025-07-16,3221
2025-07-17,2916
2025-07-18,2779
2025-07-19,2581
2025-07-20,2705
2025-07-21,2599
2025-07-22,2461
2025-07-23,2217
2025-07-24,2157
2025-07-25,1934
2025-07-26,1473
2025-07-27,1448
2025-07-28,1279
2025-07-29,1488
2025-07-30,1724
2025-07-31,1398
2025-08-01,1281
2025-08-02,1428
2025-08-03,1623
2025-08-04,1588
2025-08-05,1557
2025-08-06,1485
2025-08-07,1427
2025-08-08,1540
2025-08-09,1700
2025-08-10,1443
2025-08-11,978
2025-08-12,1019
2025-08-13,952
2025-08-14,1014
2025-08-15,1146
2025-08-16,11636
2025-08-17,9845
2025-08-18,10094
2025-08-19,18624
2025-08-20,19480
2025-08-21,18132
2025-08-22,13873
2025-08-23,10115
2025-08-24,5520
2025-08-25,3862
2025-08-26,3429
2025-08-27,2916
2025-08-28,2395
2025-08-29,2735
2025-08-30,2782
2025-08-31,2714
2025-09-01,3771
2025-09-02,5329
2025-09-03,6270
2025-09-04,6617
2025-09-05,7289
2025-09-06,8339
2025-09-07,8273
2025-09-08,6078
2025-09-09,5833
2025-09-10,5616
2025-09-11,4845
2025-09-12,3812
2025-09-13,3143
2025-09-14,3027
2025-09-15,2914
2025-09-16,3035
2025-09-17,3069
2025-09-18,2775
2025-09-19,2217
2025-09-20,2489
2025-09-21,3131
2025-09-22,2894
2025-09-23,2848
2025-09-24,2705
2025-09-25,2498
2025-09-26,2840
2025-09-27,2392
2025-09-28,2034
2025-09-29,1662
2025-09-30,1619
2025-10-01,1553
2025-10-02,1328
2025-10-03,1259
2025-10-04,1184
2025-10-05,1527
2025-10-06,1779
2025-10-07,1930
2025-10-08,1617
2025-10-09,1816
2025-10-10,2033
2025-10-11,2126
2025-10-12,2211
2025-10-13,1599
2025-10-14,1161
2025-10-15,1301
2025-10-16,1328
